id,mastery,score,possible,percent,hide_points,hidden,submitted_or_assessed_at,links.user,links.learning_outcome,links.alignment,links.assignment
6606,TRUE,3,4,0.75,FALSE,FALSE,2024-04-26T14:43:28Z,15127,1590,assignment_426839,assignment_426839
6634,TRUE,3,4,0.75,FALSE,FALSE,2024-04-26T14:54:30Z,15127,1591,assignment_426840,assignment_426840
6662,TRUE,3,4,0.75,FALSE,FALSE,2024-04-26T15:01:32Z,15127,1592,assignment_426842,assignment_426842
6607,FALSE,2,4,0.5,FALSE,FALSE,2024-04-26T14:43:58Z,4504,1590,assignment_426839,assignment_426839
6635,TRUE,3,4,0.75,FALSE,FALSE,2024-04-26T14:54:51Z,4504,1591,assignment_426840,assignment_426840
6663,TRUE,3,4,0.75,FALSE,FALSE,2024-04-26T15:01:37Z,4504,1592,assignment_426842,assignment_426842
6608,TRUE,3,4,0.75,FALSE,FALSE,2024-04-26T14:44:19Z,4989,1590,assignment_426839,assignment_426839
6636,TRUE,3,4,0.75,FALSE,FALSE,2024-04-26T14:55:12Z,4989,1591,assignment_426840,assignment_426840
6664,TRUE,3,4,0.75,FALSE,FALSE,2024-04-26T15:01:45Z,4989,1592,assignment_426842,assignment_426842
6609,FALSE,2,4,0.5,FALSE,FALSE,2024-04-26T14:44:39Z,6059,1590,assignment_426839,assignment_426839
6637,TRUE,3,4,0.75,FALSE,FALSE,2024-04-26T14:55:26Z,6059,1591,assignment_426840,assignment_426840
6665,TRUE,3,4,0.75,FALSE,FALSE,2024-04-26T15:01:57Z,6059,1592,assignment_426842,assignment_426842
6610,TRUE,4,4,1,FALSE,FALSE,2024-04-26T14:44:55Z,16627,1590,assignment_426839,assignment_426839
6638,TRUE,4,4,1,FALSE,FALSE,2024-04-26T14:55:39Z,16627,1591,assignment_426840,assignment_426840
6666,TRUE,4,4,1,FALSE,FALSE,2024-04-26T15:02:05Z,16627,1592,assignment_426842,assignment_426842
6611,TRUE,4,4,1,FALSE,FALSE,2024-04-26T14:45:06Z,5445,1590,assignment_426839,assignment_426839
6639,TRUE,4,4,1,FALSE,FALSE,2024-04-26T14:55:44Z,5445,1591,assignment_426840,assignment_426840
6667,TRUE,4,4,1,FALSE,FALSE,2024-04-26T15:02:09Z,5445,1592,assignment_426842,assignment_426842
6612,TRUE,3,4,0.75,FALSE,FALSE,2024-04-26T14:45:27Z,9878,1590,assignment_426839,assignment_426839
6640,TRUE,3,4,0.75,FALSE,FALSE,2024-04-26T14:55:54Z,9878,1591,assignment_426840,assignment_426840
6668,TRUE,3,4,0.75,FALSE,FALSE,2024-04-26T15:02:22Z,9878,1592,assignment_426842,assignment_426842
6613,FALSE,0,4,0,FALSE,FALSE,2024-04-26T14:45:48Z,8365,1590,assignment_426839,assignment_426839
6641,FALSE,0,4,0,FALSE,FALSE,2024-04-26T14:56:08Z,8365,1591,assignment_426840,assignment_426840
6669,FALSE,0,4,0,FALSE,FALSE,2024-04-26T15:02:29Z,8365,1592,assignment_426842,assignment_426842
6614,TRUE,4,4,1,FALSE,FALSE,2024-04-26T14:46:00Z,8448,1590,assignment_426839,assignment_426839
6642,TRUE,4,4,1,FALSE,FALSE,2024-04-26T14:56:11Z,8448,1591,assignment_426840,assignment_426840
6670,TRUE,4,4,1,FALSE,FALSE,2024-04-26T15:02:47Z,8448,1592,assignment_426842,assignment_426842
6615,TRUE,4,4,1,FALSE,FALSE,2024-04-26T14:46:10Z,3807,1590,assignment_426839,assignment_426839
6643,TRUE,4,4,1,FALSE,FALSE,2024-04-26T14:56:17Z,3807,1591,assignment_426840,assignment_426840
6671,TRUE,4,4,1,FALSE,FALSE,2024-04-26T15:02:50Z,3807,1592,assignment_426842,assignment_426842
6616,FALSE,2,4,0.5,FALSE,FALSE,2024-04-26T14:46:40Z,20116,1590,assignment_426839,assignment_426839
6644,FALSE,2,4,0.5,FALSE,FALSE,2024-04-26T14:56:29Z,20116,1591,assignment_426840,assignment_426840
6672,TRUE,3,4,0.75,FALSE,FALSE,2024-04-26T15:02:55Z,20116,1592,assignment_426842,assignment_426842
6617,FALSE,2,4,0.5,FALSE,FALSE,2024-04-26T14:47:11Z,6262,1590,assignment_426839,assignment_426839
6645,FALSE,1,4,0.25,FALSE,FALSE,2024-04-26T14:56:57Z,6262,1591,assignment_426840,assignment_426840
6673,FALSE,2,4,0.5,FALSE,FALSE,2024-04-26T15:03:07Z,6262,1592,assignment_426842,assignment_426842
6618,TRUE,4,4,1,FALSE,FALSE,2024-04-26T14:47:29Z,16000,1590,assignment_426839,assignment_426839
6646,TRUE,4,4,1,FALSE,FALSE,2024-04-26T14:57:06Z,16000,1591,assignment_426840,assignment_426840
6674,TRUE,4,4,1,FALSE,FALSE,2024-04-26T15:03:14Z,16000,1592,assignment_426842,assignment_426842
6619,TRUE,4,4,1,FALSE,FALSE,2024-04-26T14:47:40Z,10965,1590,assignment_426839,assignment_426839
6647,TRUE,4,4,1,FALSE,FALSE,2024-04-26T14:57:16Z,10965,1591,assignment_426840,assignment_426840
6675,TRUE,4,4,1,FALSE,FALSE,2024-04-26T15:03:22Z,10965,1592,assignment_426842,assignment_426842
6620,FALSE,2,4,0.5,FALSE,FALSE,2024-04-26T14:47:55Z,11464,1590,assignment_426839,assignment_426839
6648,FALSE,2,4,0.5,FALSE,FALSE,2024-04-26T14:57:26Z,11464,1591,assignment_426840,assignment_426840
6676,FALSE,2,4,0.5,FALSE,FALSE,2024-04-26T15:03:26Z,11464,1592,assignment_426842,assignment_426842
6621,TRUE,3,4,0.75,FALSE,FALSE,2024-04-26T14:48:08Z,29580,1590,assignment_426839,assignment_426839
6649,TRUE,3,4,0.75,FALSE,FALSE,2024-04-26T14:57:34Z,29580,1591,assignment_426840,assignment_426840
6677,TRUE,3,4,0.75,FALSE,FALSE,2024-04-26T15:03:36Z,29580,1592,assignment_426842,assignment_426842
6622,FALSE,2,4,0.5,FALSE,FALSE,2024-04-26T14:48:27Z,3838,1590,assignment_426839,assignment_426839
6650,FALSE,2,4,0.5,FALSE,FALSE,2024-04-26T14:57:42Z,3838,1591,assignment_426840,assignment_426840
6678,FALSE,2,4,0.5,FALSE,FALSE,2024-04-26T15:03:44Z,3838,1592,assignment_426842,assignment_426842
6623,TRUE,4,4,1,FALSE,FALSE,2024-04-26T14:48:34Z,20871,1590,assignment_426839,assignment_426839
6651,TRUE,4,4,1,FALSE,FALSE,2024-04-26T14:58:03Z,20871,1591,assignment_426840,assignment_426840
6679,TRUE,4,4,1,FALSE,FALSE,2024-04-26T15:03:51Z,20871,1592,assignment_426842,assignment_426842
6624,TRUE,4,4,1,FALSE,FALSE,2024-04-26T14:48:49Z,6072,1590,assignment_426839,assignment_426839
6652,TRUE,4,4,1,FALSE,FALSE,2024-04-26T14:58:23Z,6072,1591,assignment_426840,assignment_426840
6680,TRUE,4,4,1,FALSE,FALSE,2024-04-26T15:03:58Z,6072,1592,assignment_426842,assignment_426842
6625,TRUE,3,4,0.75,FALSE,FALSE,2024-04-26T14:49:03Z,29454,1590,assignment_426839,assignment_426839
6653,TRUE,3,4,0.75,FALSE,FALSE,2024-04-26T14:58:30Z,29454,1591,assignment_426840,assignment_426840
6681,TRUE,3,4,0.75,FALSE,FALSE,2024-04-26T15:04:16Z,29454,1592,assignment_426842,assignment_426842
6626,TRUE,3,4,0.75,FALSE,FALSE,2024-04-26T14:49:14Z,2424,1590,assignment_426839,assignment_426839
6654,TRUE,3,4,0.75,FALSE,FALSE,2024-04-26T14:58:38Z,2424,1591,assignment_426840,assignment_426840
6682,TRUE,3,4,0.75,FALSE,FALSE,2024-04-26T15:04:29Z,2424,1592,assignment_426842,assignment_426842
6627,TRUE,3,4,0.75,FALSE,FALSE,2024-04-26T14:49:34Z,4975,1590,assignment_426839,assignment_426839
6655,TRUE,3,4,0.75,FALSE,FALSE,2024-04-26T14:58:47Z,4975,1591,assignment_426840,assignment_426840
6683,TRUE,3,4,0.75,FALSE,FALSE,2024-04-26T15:04:36Z,4975,1592,assignment_426842,assignment_426842
6628,FALSE,1,4,0.25,FALSE,FALSE,2024-04-26T14:49:48Z,29063,1590,assignment_426839,assignment_426839
6656,FALSE,2,4,0.5,FALSE,FALSE,2024-04-26T14:59:03Z,29063,1591,assignment_426840,assignment_426840
6684,FALSE,2,4,0.5,FALSE,FALSE,2024-04-26T15:04:46Z,29063,1592,assignment_426842,assignment_426842
6629,TRUE,4,4,1,FALSE,FALSE,2024-04-26T14:49:59Z,19982,1590,assignment_426839,assignment_426839
6657,TRUE,4,4,1,FALSE,FALSE,2024-04-26T14:59:09Z,19982,1591,assignment_426840,assignment_426840
6685,TRUE,4,4,1,FALSE,FALSE,2024-04-26T15:04:57Z,19982,1592,assignment_426842,assignment_426842
6630,FALSE,2,4,0.5,FALSE,FALSE,2024-04-26T14:50:08Z,26676,1590,assignment_426839,assignment_426839
6658,FALSE,2,4,0.5,FALSE,FALSE,2024-04-26T14:59:19Z,26676,1591,assignment_426840,assignment_426840
6686,FALSE,2,4,0.5,FALSE,FALSE,2024-04-26T15:05:04Z,26676,1592,assignment_426842,assignment_426842
6631,TRUE,4,4,1,FALSE,FALSE,2024-04-26T14:50:19Z,11363,1590,assignment_426839,assignment_426839
6659,TRUE,4,4,1,FALSE,FALSE,2024-04-26T14:59:26Z,11363,1591,assignment_426840,assignment_426840
6687,TRUE,4,4,1,FALSE,FALSE,2024-04-26T15:05:13Z,11363,1592,assignment_426842,assignment_426842
6632,TRUE,4,4,1,FALSE,FALSE,2024-04-26T14:50:31Z,19850,1590,assignment_426839,assignment_426839
6660,TRUE,4,4,1,FALSE,FALSE,2024-04-26T14:59:36Z,19850,1591,assignment_426840,assignment_426840
6688,TRUE,4,4,1,FALSE,FALSE,2024-04-26T15:05:20Z,19850,1592,assignment_426842,assignment_426842
6633,TRUE,4,4,1,FALSE,FALSE,2024-04-26T14:50:40Z,5686,1590,assignment_426839,assignment_426839
6661,TRUE,4,4,1,FALSE,FALSE,2024-04-26T14:59:43Z,5686,1591,assignment_426840,assignment_426840
6689,TRUE,4,4,1,FALSE,FALSE,2024-04-26T15:05:26Z,5686,1592,assignment_426842,assignment_426842
7343,TRUE,4,4,1,FALSE,FALSE,2024-05-01T21:11:46Z,21764,1761,assignment_428549,assignment_428549
7344,TRUE,4,4,1,FALSE,FALSE,2024-05-01T21:11:46Z,21764,1762,assignment_428549,assignment_428549
7345,TRUE,4,4,1,FALSE,FALSE,2024-05-01T21:11:46Z,21764,1763,assignment_428549,assignment_428549
7346,TRUE,4,4,1,FALSE,FALSE,2024-05-01T21:11:46Z,21764,1764,assignment_428549,assignment_428549
7347,TRUE,4,4,1,FALSE,FALSE,2024-05-01T21:11:56Z,30628,1761,assignment_428549,assignment_428549
7348,TRUE,4,4,1,FALSE,FALSE,2024-05-01T21:11:56Z,30628,1762,assignment_428549,assignment_428549
7349,TRUE,4,4,1,FALSE,FALSE,2024-05-01T21:11:56Z,30628,1763,assignment_428549,assignment_428549
7350,TRUE,4,4,1,FALSE,FALSE,2024-05-01T21:11:56Z,30628,1764,assignment_428549,assignment_428549
7351,TRUE,4,4,1,FALSE,FALSE,2024-05-01T21:12:19Z,16261,1761,assignment_428549,assignment_428549
7352,TRUE,3,4,0.75,FALSE,FALSE,2024-05-01T21:12:19Z,16261,1762,assignment_428549,assignment_428549
7353,TRUE,4,4,1,FALSE,FALSE,2024-05-01T21:12:19Z,16261,1763,assignment_428549,assignment_428549
7354,TRUE,4,4,1,FALSE,FALSE,2024-05-01T21:12:19Z,16261,1764,assignment_428549,assignment_428549
7355,TRUE,4,4,1,FALSE,FALSE,2024-05-01T21:12:33Z,14313,1761,assignment_428549,assignment_428549
7356,TRUE,4,4,1,FALSE,FALSE,2024-05-01T21:12:33Z,14313,1762,assignment_428549,assignment_428549
7357,TRUE,4,4,1,FALSE,FALSE,2024-05-01T21:12:33Z,14313,1763,assignment_428549,assignment_428549
7358,TRUE,4,4,1,FALSE,FALSE,2024-05-01T21:12:34Z,14313,1764,assignment_428549,assignment_428549
7359,TRUE,3,4,0.75,FALSE,FALSE,2024-05-01T21:13:26Z,29266,1761,assignment_428549,assignment_428549
7360,TRUE,4,4,1,FALSE,FALSE,2024-05-01T21:13:27Z,29266,1762,assignment_428549,assignment_428549
7361,TRUE,4,4,1,FALSE,FALSE,2024-05-01T21:13:27Z,29266,1763,assignment_428549,assignment_428549
7362,TRUE,4,4,1,FALSE,FALSE,2024-05-01T21:13:27Z,29266,1764,assignment_428549,assignment_428549
7363,TRUE,4,4,1,FALSE,FALSE,2024-05-01T21:13:49Z,4504,1761,assignment_428549,assignment_428549
7364,TRUE,4,4,1,FALSE,FALSE,2024-05-01T21:13:49Z,4504,1762,assignment_428549,assignment_428549
7365,TRUE,3,4,0.75,FALSE,FALSE,2024-05-01T21:13:49Z,4504,1763,assignment_428549,assignment_428549
7366,TRUE,3,4,0.75,FALSE,FALSE,2024-05-01T21:13:49Z,4504,1764,assignment_428549,assignment_428549
7367,TRUE,3,4,0.75,FALSE,FALSE,2024-05-01T21:14:24Z,3542,1761,assignment_428549,assignment_428549
7368,TRUE,3,4,0.75,FALSE,FALSE,2024-05-01T21:14:24Z,3542,1762,assignment_428549,assignment_428549
7369,FALSE,2,4,0.5,FALSE,FALSE,2024-05-01T21:14:24Z,3542,1763,assignment_428549,assignment_428549
7370,FALSE,2,4,0.5,FALSE,FALSE,2024-05-01T21:14:24Z,3542,1764,assignment_428549,assignment_428549
7371,TRUE,4,4,1,FALSE,FALSE,2024-05-01T21:14:34Z,21504,1761,assignment_428549,assignment_428549
7372,TRUE,4,4,1,FALSE,FALSE,2024-05-01T21:14:34Z,21504,1762,assignment_428549,assignment_428549
7373,TRUE,3,4,0.75,FALSE,FALSE,2024-05-01T21:14:35Z,21504,1763,assignment_428549,assignment_428549
7374,TRUE,3,4,0.75,FALSE,FALSE,2024-05-01T21:14:35Z,21504,1764,assignment_428549,assignment_428549
7375,TRUE,4,4,1,FALSE,FALSE,2024-05-01T21:14:43Z,9159,1761,assignment_428549,assignment_428549
7376,TRUE,4,4,1,FALSE,FALSE,2024-05-01T21:14:43Z,9159,1762,assignment_428549,assignment_428549
7377,TRUE,4,4,1,FALSE,FALSE,2024-05-01T21:14:43Z,9159,1763,assignment_428549,assignment_428549
7378,TRUE,4,4,1,FALSE,FALSE,2024-05-01T21:14:43Z,9159,1764,assignment_428549,assignment_428549
7379,TRUE,4,4,1,FALSE,FALSE,2024-05-01T21:14:54Z,19494,1761,assignment_428549,assignment_428549
7380,TRUE,4,4,1,FALSE,FALSE,2024-05-01T21:14:54Z,19494,1762,assignment_428549,assignment_428549
7381,TRUE,3,4,0.75,FALSE,FALSE,2024-05-01T21:14:54Z,19494,1763,assignment_428549,assignment_428549
7382,TRUE,3,4,0.75,FALSE,FALSE,2024-05-01T21:14:54Z,19494,1764,assignment_428549,assignment_428549
7383,TRUE,3,4,0.75,FALSE,FALSE,2024-05-01T21:15:05Z,21844,1761,assignment_428549,assignment_428549
7384,TRUE,4,4,1,FALSE,FALSE,2024-05-01T21:15:05Z,21844,1762,assignment_428549,assignment_428549
7385,TRUE,4,4,1,FALSE,FALSE,2024-05-01T21:15:05Z,21844,1763,assignment_428549,assignment_428549
7386,TRUE,4,4,1,FALSE,FALSE,2024-05-01T21:15:05Z,21844,1764,assignment_428549,assignment_428549
7387,TRUE,4,4,1,FALSE,FALSE,2024-05-01T21:15:12Z,5474,1761,assignment_428549,assignment_428549
7388,TRUE,4,4,1,FALSE,FALSE,2024-05-01T21:15:12Z,5474,1762,assignment_428549,assignment_428549
7389,TRUE,4,4,1,FALSE,FALSE,2024-05-01T21:15:13Z,5474,1763,assignment_428549,assignment_428549
7390,TRUE,4,4,1,FALSE,FALSE,2024-05-01T21:15:13Z,5474,1764,assignment_428549,assignment_428549
7391,TRUE,4,4,1,FALSE,FALSE,2024-05-01T21:15:21Z,15350,1761,assignment_428549,assignment_428549
7392,TRUE,4,4,1,FALSE,FALSE,2024-05-01T21:15:21Z,15350,1762,assignment_428549,assignment_428549
7393,TRUE,4,4,1,FALSE,FALSE,2024-05-01T21:15:21Z,15350,1763,assignment_428549,assignment_428549
7394,TRUE,4,4,1,FALSE,FALSE,2024-05-01T21:15:22Z,15350,1764,assignment_428549,assignment_428549
7395,TRUE,4,4,1,FALSE,FALSE,2024-05-01T21:15:30Z,30331,1761,assignment_428549,assignment_428549
7396,TRUE,4,4,1,FALSE,FALSE,2024-05-01T21:15:30Z,30331,1762,assignment_428549,assignment_428549
7397,TRUE,3,4,0.75,FALSE,FALSE,2024-05-01T21:15:30Z,30331,1763,assignment_428549,assignment_428549
7398,TRUE,3,4,0.75,FALSE,FALSE,2024-05-01T21:15:30Z,30331,1764,assignment_428549,assignment_428549
7399,TRUE,4,4,1,FALSE,FALSE,2024-05-01T21:15:40Z,5309,1761,assignment_428549,assignment_428549
7400,TRUE,4,4,1,FALSE,FALSE,2024-05-01T21:15:40Z,5309,1762,assignment_428549,assignment_428549
7401,TRUE,4,4,1,FALSE,FALSE,2024-05-01T21:15:40Z,5309,1763,assignment_428549,assignment_428549
7402,TRUE,4,4,1,FALSE,FALSE,2024-05-01T21:15:40Z,5309,1764,assignment_428549,assignment_428549
7403,TRUE,4,4,1,FALSE,FALSE,2024-05-01T21:16:19Z,22305,1761,assignment_428549,assignment_428549
7404,TRUE,3,4,0.75,FALSE,FALSE,2024-05-01T21:16:19Z,22305,1762,assignment_428549,assignment_428549
7405,TRUE,4,4,1,FALSE,FALSE,2024-05-01T21:16:19Z,22305,1763,assignment_428549,assignment_428549
7406,TRUE,3,4,0.75,FALSE,FALSE,2024-05-01T21:16:19Z,22305,1764,assignment_428549,assignment_428549
7407,TRUE,4,4,1,FALSE,FALSE,2024-05-01T21:16:29Z,9328,1761,assignment_428549,assignment_428549
7408,TRUE,4,4,1,FALSE,FALSE,2024-05-01T21:16:30Z,9328,1762,assignment_428549,assignment_428549
7409,TRUE,4,4,1,FALSE,FALSE,2024-05-01T21:16:30Z,9328,1763,assignment_428549,assignment_428549
7410,TRUE,4,4,1,FALSE,FALSE,2024-05-01T21:16:30Z,9328,1764,assignment_428549,assignment_428549
7411,TRUE,3,4,0.75,FALSE,FALSE,2024-05-01T21:16:51Z,4891,1761,assignment_428549,assignment_428549
7412,TRUE,3,4,0.75,FALSE,FALSE,2024-05-01T21:16:51Z,4891,1762,assignment_428549,assignment_428549
7413,TRUE,3,4,0.75,FALSE,FALSE,2024-05-01T21:16:51Z,4891,1763,assignment_428549,assignment_428549
7414,TRUE,3,4,0.75,FALSE,FALSE,2024-05-01T21:16:51Z,4891,1764,assignment_428549,assignment_428549
7415,TRUE,3,4,0.75,FALSE,FALSE,2024-05-01T21:17:06Z,11585,1761,assignment_428549,assignment_428549
7416,TRUE,4,4,1,FALSE,FALSE,2024-05-01T21:17:06Z,11585,1762,assignment_428549,assignment_428549
7417,TRUE,4,4,1,FALSE,FALSE,2024-05-01T21:17:06Z,11585,1763,assignment_428549,assignment_428549
7418,TRUE,4,4,1,FALSE,FALSE,2024-05-01T21:17:06Z,11585,1764,assignment_428549,assignment_428549
7419,TRUE,4,4,1,FALSE,FALSE,2024-05-01T21:17:19Z,6262,1761,assignment_428549,assignment_428549
7420,TRUE,4,4,1,FALSE,FALSE,2024-05-01T21:17:19Z,6262,1762,assignment_428549,assignment_428549
7421,TRUE,4,4,1,FALSE,FALSE,2024-05-01T21:17:19Z,6262,1763,assignment_428549,assignment_428549
7422,TRUE,4,4,1,FALSE,FALSE,2024-05-01T21:17:20Z,6262,1764,assignment_428549,assignment_428549
7423,TRUE,4,4,1,FALSE,FALSE,2024-05-01T21:17:28Z,16709,1761,assignment_428549,assignment_428549
7424,TRUE,4,4,1,FALSE,FALSE,2024-05-01T21:17:28Z,16709,1762,assignment_428549,assignment_428549
7425,TRUE,4,4,1,FALSE,FALSE,2024-05-01T21:17:28Z,16709,1763,assignment_428549,assignment_428549
7426,TRUE,4,4,1,FALSE,FALSE,2024-05-01T21:17:28Z,16709,1764,assignment_428549,assignment_428549
7427,TRUE,4,4,1,FALSE,FALSE,2024-05-01T21:17:36Z,19051,1761,assignment_428549,assignment_428549
7428,TRUE,4,4,1,FALSE,FALSE,2024-05-01T21:17:36Z,19051,1762,assignment_428549,assignment_428549
7429,TRUE,4,4,1,FALSE,FALSE,2024-05-01T21:17:36Z,19051,1763,assignment_428549,assignment_428549
7430,TRUE,4,4,1,FALSE,FALSE,2024-05-01T21:17:36Z,19051,1764,assignment_428549,assignment_428549
7431,TRUE,4,4,1,FALSE,FALSE,2024-05-01T21:17:44Z,19306,1761,assignment_428549,assignment_428549
7432,TRUE,4,4,1,FALSE,FALSE,2024-05-01T21:17:44Z,19306,1762,assignment_428549,assignment_428549
7433,TRUE,4,4,1,FALSE,FALSE,2024-05-01T21:17:44Z,19306,1763,assignment_428549,assignment_428549
7434,TRUE,4,4,1,FALSE,FALSE,2024-05-01T21:17:44Z,19306,1764,assignment_428549,assignment_428549
7435,TRUE,4,4,1,FALSE,FALSE,2024-05-01T21:17:58Z,3838,1761,assignment_428549,assignment_428549
7436,TRUE,4,4,1,FALSE,FALSE,2024-05-01T21:17:58Z,3838,1762,assignment_428549,assignment_428549
7437,TRUE,3,4,0.75,FALSE,FALSE,2024-05-01T21:17:58Z,3838,1763,assignment_428549,assignment_428549
7438,TRUE,3,4,0.75,FALSE,FALSE,2024-05-01T21:17:58Z,3838,1764,assignment_428549,assignment_428549
7439,TRUE,4,4,1,FALSE,FALSE,2024-05-01T21:18:09Z,19407,1761,assignment_428549,assignment_428549
7440,TRUE,4,4,1,FALSE,FALSE,2024-05-01T21:18:09Z,19407,1762,assignment_428549,assignment_428549
7441,TRUE,3,4,0.75,FALSE,FALSE,2024-05-01T21:18:10Z,19407,1763,assignment_428549,assignment_428549
7442,TRUE,3,4,0.75,FALSE,FALSE,2024-05-01T21:18:10Z,19407,1764,assignment_428549,assignment_428549
7443,TRUE,3,4,0.75,FALSE,FALSE,2024-05-01T21:18:27Z,8691,1761,assignment_428549,assignment_428549
7444,TRUE,4,4,1,FALSE,FALSE,2024-05-01T21:18:27Z,8691,1762,assignment_428549,assignment_428549
7445,TRUE,3,4,0.75,FALSE,FALSE,2024-05-01T21:18:27Z,8691,1763,assignment_428549,assignment_428549
7446,TRUE,3,4,0.75,FALSE,FALSE,2024-05-01T21:18:28Z,8691,1764,assignment_428549,assignment_428549
7447,TRUE,3,4,0.75,FALSE,FALSE,2024-05-01T21:18:56Z,8985,1761,assignment_428549,assignment_428549
7448,FALSE,2,4,0.5,FALSE,FALSE,2024-05-01T21:18:56Z,8985,1762,assignment_428549,assignment_428549
7449,TRUE,3,4,0.75,FALSE,FALSE,2024-05-01T21:18:57Z,8985,1763,assignment_428549,assignment_428549
7450,TRUE,3,4,0.75,FALSE,FALSE,2024-05-01T21:18:57Z,8985,1764,assignment_428549,assignment_428549
7451,TRUE,4,4,1,FALSE,FALSE,2024-05-01T21:19:14Z,19849,1761,assignment_428549,assignment_428549
7452,TRUE,4,4,1,FALSE,FALSE,2024-05-01T21:19:15Z,19849,1762,assignment_428549,assignment_428549
7453,TRUE,4,4,1,FALSE,FALSE,2024-05-01T21:19:15Z,19849,1763,assignment_428549,assignment_428549
7454,TRUE,4,4,1,FALSE,FALSE,2024-05-01T21:19:15Z,19849,1764,assignment_428549,assignment_428549
7455,TRUE,4,4,1,FALSE,FALSE,2024-05-01T21:19:42Z,29463,1761,assignment_428549,assignment_428549
7456,TRUE,3,4,0.75,FALSE,FALSE,2024-05-01T21:19:42Z,29463,1762,assignment_428549,assignment_428549
7457,TRUE,3,4,0.75,FALSE,FALSE,2024-05-01T21:19:42Z,29463,1763,assignment_428549,assignment_428549
7458,TRUE,3,4,0.75,FALSE,FALSE,2024-05-01T21:19:42Z,29463,1764,assignment_428549,assignment_428549
7459,TRUE,4,4,1,FALSE,FALSE,2024-05-01T21:19:51Z,20630,1761,assignment_428549,assignment_428549
7460,TRUE,4,4,1,FALSE,FALSE,2024-05-01T21:19:51Z,20630,1762,assignment_428549,assignment_428549
7461,TRUE,4,4,1,FALSE,FALSE,2024-05-01T21:19:51Z,20630,1763,assignment_428549,assignment_428549
7462,TRUE,4,4,1,FALSE,FALSE,2024-05-01T21:19:51Z,20630,1764,assignment_428549,assignment_428549
7463,TRUE,4,4,1,FALSE,FALSE,2024-05-01T21:19:59Z,9504,1761,assignment_428549,assignment_428549
7464,TRUE,4,4,1,FALSE,FALSE,2024-05-01T21:19:59Z,9504,1762,assignment_428549,assignment_428549
7465,TRUE,4,4,1,FALSE,FALSE,2024-05-01T21:19:59Z,9504,1763,assignment_428549,assignment_428549
7466,TRUE,4,4,1,FALSE,FALSE,2024-05-01T21:20:00Z,9504,1764,assignment_428549,assignment_428549
7467,TRUE,4,4,1,FALSE,FALSE,2024-05-01T21:20:26Z,32201,1761,assignment_428549,assignment_428549
7468,TRUE,4,4,1,FALSE,FALSE,2024-05-01T21:20:26Z,32201,1762,assignment_428549,assignment_428549
7469,TRUE,3,4,0.75,FALSE,FALSE,2024-05-01T21:20:27Z,32201,1763,assignment_428549,assignment_428549
7470,TRUE,4,4,1,FALSE,FALSE,2024-05-01T21:20:27Z,32201,1764,assignment_428549,assignment_428549
7471,TRUE,4,4,1,FALSE,FALSE,2024-05-01T21:20:36Z,8625,1761,assignment_428549,assignment_428549
7472,TRUE,4,4,1,FALSE,FALSE,2024-05-01T21:20:36Z,8625,1762,assignment_428549,assignment_428549
7473,TRUE,4,4,1,FALSE,FALSE,2024-05-01T21:20:36Z,8625,1763,assignment_428549,assignment_428549
7474,TRUE,4,4,1,FALSE,FALSE,2024-05-01T21:20:36Z,8625,1764,assignment_428549,assignment_428549
7475,TRUE,4,4,1,FALSE,FALSE,2024-05-01T21:20:45Z,5686,1761,assignment_428549,assignment_428549
7476,TRUE,4,4,1,FALSE,FALSE,2024-05-01T21:20:45Z,5686,1762,assignment_428549,assignment_428549
7477,TRUE,4,4,1,FALSE,FALSE,2024-05-01T21:20:45Z,5686,1763,assignment_428549,assignment_428549
7478,TRUE,4,4,1,FALSE,FALSE,2024-05-01T21:20:45Z,5686,1764,assignment_428549,assignment_428549
7479,TRUE,4,4,1,FALSE,FALSE,2024-05-01T21:20:55Z,22316,1761,assignment_428549,assignment_428549
7480,TRUE,4,4,1,FALSE,FALSE,2024-05-01T21:20:55Z,22316,1762,assignment_428549,assignment_428549
7481,TRUE,3,4,0.75,FALSE,FALSE,2024-05-01T21:20:55Z,22316,1763,assignment_428549,assignment_428549
7482,TRUE,3,4,0.75,FALSE,FALSE,2024-05-01T21:20:55Z,22316,1764,assignment_428549,assignment_428549
7483,TRUE,4,4,1,FALSE,FALSE,2024-05-01T21:21:03Z,32469,1761,assignment_428549,assignment_428549
7484,TRUE,4,4,1,FALSE,FALSE,2024-05-01T21:21:03Z,32469,1762,assignment_428549,assignment_428549
7485,TRUE,4,4,1,FALSE,FALSE,2024-05-01T21:21:03Z,32469,1763,assignment_428549,assignment_428549
7486,TRUE,4,4,1,FALSE,FALSE,2024-05-01T21:21:04Z,32469,1764,assignment_428549,assignment_428549
7512,TRUE,3,4,0.75,FALSE,FALSE,2024-05-01T23:10:25Z,4954,1556,assignment_428654,assignment_428654
7537,TRUE,3,4,0.75,FALSE,FALSE,2024-05-02T14:40:49Z,4954,1557,assignment_428655,assignment_428655
7556,TRUE,3,4,0.75,FALSE,FALSE,2024-05-02T15:27:10Z,4954,1558,assignment_428656,assignment_428656
7980,TRUE,3,4,0.75,FALSE,FALSE,2024-05-03T23:11:09Z,4954,1559,assignment_428657,assignment_428657
7989,TRUE,3,4,0.75,FALSE,FALSE,2024-05-03T23:22:39Z,4954,1560,assignment_428658,assignment_428658
8008,TRUE,3,4,0.75,FALSE,FALSE,2024-05-03T23:29:36Z,4954,1561,assignment_428659,assignment_428659
7513,TRUE,3,4,0.75,FALSE,FALSE,2024-05-01T23:11:24Z,10919,1556,assignment_428654,assignment_428654
7538,FALSE,2,4,0.5,FALSE,FALSE,2024-05-02T14:40:55Z,10919,1557,assignment_428655,assignment_428655
7557,TRUE,3,4,0.75,FALSE,FALSE,2024-05-02T15:27:19Z,10919,1558,assignment_428656,assignment_428656
7981,TRUE,3,4,0.75,FALSE,FALSE,2024-05-03T23:11:26Z,10919,1559,assignment_428657,assignment_428657
7990,TRUE,3,4,0.75,FALSE,FALSE,2024-05-03T23:22:45Z,10919,1560,assignment_428658,assignment_428658
8009,FALSE,2,4,0.5,FALSE,FALSE,2024-05-03T23:29:50Z,10919,1561,assignment_428659,assignment_428659
7539,FALSE,1,4,0.25,FALSE,FALSE,2024-05-02T14:41:21Z,21544,1557,assignment_428655,assignment_428655
7558,FALSE,0,4,0,FALSE,FALSE,2024-05-02T15:27:31Z,21544,1558,assignment_428656,assignment_428656
7982,FALSE,0,4,0,FALSE,FALSE,2024-05-03T23:11:31Z,21544,1559,assignment_428657,assignment_428657
7991,FALSE,0,4,0,FALSE,FALSE,2024-05-03T23:22:58Z,21544,1560,assignment_428658,assignment_428658
8010,FALSE,0,4,0,FALSE,FALSE,2024-05-03T23:29:56Z,21544,1561,assignment_428659,assignment_428659
7514,TRUE,3,4,0.75,FALSE,FALSE,2024-05-01T23:11:45Z,5474,1556,assignment_428654,assignment_428654
7540,TRUE,3,4,0.75,FALSE,FALSE,2024-05-02T14:41:28Z,5474,1557,assignment_428655,assignment_428655
7559,TRUE,3,4,0.75,FALSE,FALSE,2024-05-02T15:27:42Z,5474,1558,assignment_428656,assignment_428656
7983,TRUE,3,4,0.75,FALSE,FALSE,2024-05-03T23:11:36Z,5474,1559,assignment_428657,assignment_428657
7992,TRUE,3,4,0.75,FALSE,FALSE,2024-05-03T23:23:03Z,5474,1560,assignment_428658,assignment_428658
8011,TRUE,3,4,0.75,FALSE,FALSE,2024-05-03T23:30:04Z,5474,1561,assignment_428659,assignment_428659
7515,FALSE,2,4,0.5,FALSE,FALSE,2024-05-01T23:11:55Z,7567,1556,assignment_428654,assignment_428654
7541,TRUE,3,4,0.75,FALSE,FALSE,2024-05-02T14:41:33Z,7567,1557,assignment_428655,assignment_428655
7984,FALSE,2,4,0.5,FALSE,FALSE,2024-05-03T23:11:43Z,7567,1559,assignment_428657,assignment_428657
7993,,,4,,FALSE,FALSE,2024-05-03T23:23:17Z,7567,1560,assignment_428658,assignment_428658
8012,FALSE,2,4,0.5,FALSE,FALSE,2024-05-03T23:30:12Z,7567,1561,assignment_428659,assignment_428659
7516,FALSE,1,4,0.25,FALSE,FALSE,2024-05-01T23:12:04Z,17230,1556,assignment_428654,assignment_428654
7542,FALSE,2,4,0.5,FALSE,FALSE,2024-05-02T14:41:40Z,17230,1557,assignment_428655,assignment_428655
7985,FALSE,1,4,0.25,FALSE,FALSE,2024-05-03T23:11:50Z,17230,1559,assignment_428657,assignment_428657
7994,FALSE,1,4,0.25,FALSE,FALSE,2024-05-03T23:23:27Z,17230,1560,assignment_428658,assignment_428658
8013,FALSE,1,4,0.25,FALSE,FALSE,2024-05-03T23:30:18Z,17230,1561,assignment_428659,assignment_428659
7543,TRUE,3,4,0.75,FALSE,FALSE,2024-05-02T14:41:46Z,35743,1557,assignment_428655,assignment_428655
7560,TRUE,3,4,0.75,FALSE,FALSE,2024-05-02T15:29:10Z,35743,1558,assignment_428656,assignment_428656
7986,TRUE,3,4,0.75,FALSE,FALSE,2024-05-03T23:11:58Z,35743,1559,assignment_428657,assignment_428657
7995,TRUE,3,4,0.75,FALSE,FALSE,2024-05-03T23:23:31Z,35743,1560,assignment_428658,assignment_428658
8014,TRUE,3,4,0.75,FALSE,FALSE,2024-05-03T23:30:23Z,35743,1561,assignment_428659,assignment_428659
7544,TRUE,3,4,0.75,FALSE,FALSE,2024-05-02T14:41:51Z,15826,1557,assignment_428655,assignment_428655
7561,TRUE,3,4,0.75,FALSE,FALSE,2024-05-02T15:29:15Z,15826,1558,assignment_428656,assignment_428656
7987,TRUE,3,4,0.75,FALSE,FALSE,2024-05-03T23:12:04Z,15826,1559,assignment_428657,assignment_428657
7996,TRUE,3,4,0.75,FALSE,FALSE,2024-05-03T23:23:36Z,15826,1560,assignment_428658,assignment_428658
8015,FALSE,2,4,0.5,FALSE,FALSE,2024-05-03T23:30:27Z,15826,1561,assignment_428659,assignment_428659
7545,FALSE,2,4,0.5,FALSE,FALSE,2024-05-02T14:41:58Z,30335,1557,assignment_428655,assignment_428655
7562,FALSE,1,4,0.25,FALSE,FALSE,2024-05-02T15:29:22Z,30335,1558,assignment_428656,assignment_428656
7988,FALSE,1,4,0.25,FALSE,FALSE,2024-05-03T23:12:10Z,30335,1559,assignment_428657,assignment_428657
7997,FALSE,1,4,0.25,FALSE,FALSE,2024-05-03T23:23:41Z,30335,1560,assignment_428658,assignment_428658
8016,FALSE,1,4,0.25,FALSE,FALSE,2024-05-03T23:30:31Z,30335,1561,assignment_428659,assignment_428659
7517,TRUE,4,4,1,FALSE,FALSE,2024-05-02T13:46:05Z,8448,1556,assignment_428654,assignment_428654
7527,TRUE,4,4,1,FALSE,FALSE,2024-05-02T14:38:24Z,8448,1557,assignment_428655,assignment_428655
7546,TRUE,4,4,1,FALSE,FALSE,2024-05-02T15:23:41Z,8448,1558,assignment_428656,assignment_428656
7970,TRUE,4,4,1,FALSE,FALSE,2024-05-03T23:09:03Z,8448,1559,assignment_428657,assignment_428657
7998,TRUE,4,4,1,FALSE,FALSE,2024-05-03T23:23:45Z,8448,1560,assignment_428658,assignment_428658
8017,TRUE,3,4,0.75,FALSE,FALSE,2024-05-03T23:30:37Z,8448,1561,assignment_428659,assignment_428659
7518,TRUE,3,4,0.75,FALSE,FALSE,2024-05-02T13:46:39Z,15475,1556,assignment_428654,assignment_428654
7528,FALSE,2,4,0.5,FALSE,FALSE,2024-05-02T14:38:32Z,15475,1557,assignment_428655,assignment_428655
7547,TRUE,3,4,0.75,FALSE,FALSE,2024-05-02T15:23:58Z,15475,1558,assignment_428656,assignment_428656
7971,FALSE,2,4,0.5,FALSE,FALSE,2024-05-03T23:09:40Z,15475,1559,assignment_428657,assignment_428657
7999,TRUE,3,4,0.75,FALSE,FALSE,2024-05-03T23:23:51Z,15475,1560,assignment_428658,assignment_428658
8018,FALSE,2,4,0.5,FALSE,FALSE,2024-05-03T23:30:41Z,15475,1561,assignment_428659,assignment_428659
7519,FALSE,1,4,0.25,FALSE,FALSE,2024-05-02T13:46:49Z,20412,1556,assignment_428654,assignment_428654
7529,FALSE,1,4,0.25,FALSE,FALSE,2024-05-02T14:38:43Z,20412,1557,assignment_428655,assignment_428655
7548,FALSE,1,4,0.25,FALSE,FALSE,2024-05-02T15:24:08Z,20412,1558,assignment_428656,assignment_428656
7972,FALSE,1,4,0.25,FALSE,FALSE,2024-05-03T23:09:56Z,20412,1559,assignment_428657,assignment_428657
8000,FALSE,1,4,0.25,FALSE,FALSE,2024-05-03T23:23:56Z,20412,1560,assignment_428658,assignment_428658
8019,FALSE,1,4,0.25,FALSE,FALSE,2024-05-03T23:30:45Z,20412,1561,assignment_428659,assignment_428659
7520,FALSE,1,4,0.25,FALSE,FALSE,2024-05-02T13:48:59Z,14596,1556,assignment_428654,assignment_428654
7530,FALSE,2,4,0.5,FALSE,FALSE,2024-05-02T14:39:03Z,14596,1557,assignment_428655,assignment_428655
7549,FALSE,1,4,0.25,FALSE,FALSE,2024-05-02T15:24:13Z,14596,1558,assignment_428656,assignment_428656
7973,FALSE,1,4,0.25,FALSE,FALSE,2024-05-03T23:10:21Z,14596,1559,assignment_428657,assignment_428657
8001,FALSE,1,4,0.25,FALSE,FALSE,2024-05-03T23:24:08Z,14596,1560,assignment_428658,assignment_428658
8020,FALSE,1,4,0.25,FALSE,FALSE,2024-05-03T23:30:49Z,14596,1561,assignment_428659,assignment_428659
7521,FALSE,2,4,0.5,FALSE,FALSE,2024-05-02T13:49:53Z,9054,1556,assignment_428654,assignment_428654
7531,FALSE,2,4,0.5,FALSE,FALSE,2024-05-02T14:39:40Z,9054,1557,assignment_428655,assignment_428655
7550,FALSE,2,4,0.5,FALSE,FALSE,2024-05-02T15:24:21Z,9054,1558,assignment_428656,assignment_428656
7974,FALSE,2,4,0.5,FALSE,FALSE,2024-05-03T23:10:29Z,9054,1559,assignment_428657,assignment_428657
8002,FALSE,2,4,0.5,FALSE,FALSE,2024-05-03T23:24:12Z,9054,1560,assignment_428658,assignment_428658
8021,FALSE,2,4,0.5,FALSE,FALSE,2024-05-03T23:30:53Z,9054,1561,assignment_428659,assignment_428659
7522,FALSE,2,4,0.5,FALSE,FALSE,2024-05-02T13:49:44Z,29463,1556,assignment_428654,assignment_428654
7532,TRUE,3,4,0.75,FALSE,FALSE,2024-05-02T14:39:46Z,29463,1557,assignment_428655,assignment_428655
7551,TRUE,3,4,0.75,FALSE,FALSE,2024-05-02T15:24:27Z,29463,1558,assignment_428656,assignment_428656
7975,TRUE,3,4,0.75,FALSE,FALSE,2024-05-03T23:10:34Z,29463,1559,assignment_428657,assignment_428657
8003,TRUE,3,4,0.75,FALSE,FALSE,2024-05-03T23:24:16Z,29463,1560,assignment_428658,assignment_428658
8022,FALSE,2,4,0.5,FALSE,FALSE,2024-05-03T23:31:01Z,29463,1561,assignment_428659,assignment_428659
7523,TRUE,3,4,0.75,FALSE,FALSE,2024-05-02T13:49:33Z,20630,1556,assignment_428654,assignment_428654
7533,TRUE,3,4,0.75,FALSE,FALSE,2024-05-02T14:39:54Z,20630,1557,assignment_428655,assignment_428655
7552,TRUE,3,4,0.75,FALSE,FALSE,2024-05-02T15:24:35Z,20630,1558,assignment_428656,assignment_428656
7976,TRUE,3,4,0.75,FALSE,FALSE,2024-05-03T23:10:38Z,20630,1559,assignment_428657,assignment_428657
8004,TRUE,3,4,0.75,FALSE,FALSE,2024-05-03T23:24:22Z,20630,1560,assignment_428658,assignment_428658
8023,TRUE,3,4,0.75,FALSE,FALSE,2024-05-03T23:31:05Z,20630,1561,assignment_428659,assignment_428659
7524,TRUE,3,4,0.75,FALSE,FALSE,2024-05-02T13:50:04Z,25610,1556,assignment_428654,assignment_428654
7534,TRUE,4,4,1,FALSE,FALSE,2024-05-02T14:40:14Z,25610,1557,assignment_428655,assignment_428655
7553,TRUE,4,4,1,FALSE,FALSE,2024-05-02T15:25:19Z,25610,1558,assignment_428656,assignment_428656
7977,TRUE,4,4,1,FALSE,FALSE,2024-05-03T23:10:44Z,25610,1559,assignment_428657,assignment_428657
8005,TRUE,4,4,1,FALSE,FALSE,2024-05-03T23:24:29Z,25610,1560,assignment_428658,assignment_428658
8024,TRUE,3,4,0.75,FALSE,FALSE,2024-05-03T23:31:09Z,25610,1561,assignment_428659,assignment_428659
7525,TRUE,3,4,0.75,FALSE,FALSE,2024-05-02T13:50:10Z,9000,1556,assignment_428654,assignment_428654
7535,TRUE,3,4,0.75,FALSE,FALSE,2024-05-02T14:40:20Z,9000,1557,assignment_428655,assignment_428655
7554,TRUE,3,4,0.75,FALSE,FALSE,2024-05-02T15:25:26Z,9000,1558,assignment_428656,assignment_428656
7978,TRUE,3,4,0.75,FALSE,FALSE,2024-05-03T23:10:50Z,9000,1559,assignment_428657,assignment_428657
8006,TRUE,3,4,0.75,FALSE,FALSE,2024-05-03T23:24:35Z,9000,1560,assignment_428658,assignment_428658
8025,TRUE,3,4,0.75,FALSE,FALSE,2024-05-03T23:31:14Z,9000,1561,assignment_428659,assignment_428659
7526,TRUE,3,4,0.75,FALSE,FALSE,2024-05-02T13:50:15Z,8884,1556,assignment_428654,assignment_428654
7536,TRUE,4,4,1,FALSE,FALSE,2024-05-02T14:40:27Z,8884,1557,assignment_428655,assignment_428655
7555,TRUE,4,4,1,FALSE,FALSE,2024-05-02T15:25:31Z,8884,1558,assignment_428656,assignment_428656
7979,TRUE,3,4,0.75,FALSE,FALSE,2024-05-03T23:10:59Z,8884,1559,assignment_428657,assignment_428657
8007,TRUE,3,4,0.75,FALSE,FALSE,2024-05-03T23:24:40Z,8884,1560,assignment_428658,assignment_428658
8026,TRUE,3,4,0.75,FALSE,FALSE,2024-05-03T23:31:19Z,8884,1561,assignment_428659,assignment_428659
7037,TRUE,4,4,1,FALSE,FALSE,2024-05-01T20:04:03Z,16229,1562,assignment_428551,assignment_428551
7038,TRUE,3,4,0.75,FALSE,FALSE,2024-05-01T20:04:03Z,16229,1563,assignment_428551,assignment_428551
7039,TRUE,4,4,1,FALSE,FALSE,2024-05-01T20:04:03Z,16229,1564,assignment_428551,assignment_428551
7040,TRUE,3,4,0.75,FALSE,FALSE,2024-05-01T20:04:03Z,16229,1565,assignment_428551,assignment_428551
7041,TRUE,3,4,0.75,FALSE,FALSE,2024-05-01T20:04:03Z,16229,1566,assignment_428551,assignment_428551
7042,TRUE,3,4,0.75,FALSE,FALSE,2024-05-01T20:04:03Z,16229,1567,assignment_428551,assignment_428551
7043,FALSE,1,4,0.25,FALSE,FALSE,2024-05-01T20:06:16Z,4814,1562,assignment_428551,assignment_428551
7044,FALSE,0,4,0,FALSE,FALSE,2024-05-01T20:06:17Z,4814,1563,assignment_428551,assignment_428551
7045,FALSE,2,4,0.5,FALSE,FALSE,2024-05-01T20:06:17Z,4814,1564,assignment_428551,assignment_428551
7046,FALSE,1,4,0.25,FALSE,FALSE,2024-05-01T20:06:17Z,4814,1565,assignment_428551,assignment_428551
7047,FALSE,1,4,0.25,FALSE,FALSE,2024-05-01T20:06:17Z,4814,1566,assignment_428551,assignment_428551
7048,FALSE,1,4,0.25,FALSE,FALSE,2024-05-01T20:06:17Z,4814,1567,assignment_428551,assignment_428551
7049,TRUE,4,4,1,FALSE,FALSE,2024-05-01T20:08:47Z,28481,1562,assignment_428551,assignment_428551
7050,TRUE,4,4,1,FALSE,FALSE,2024-05-01T20:08:47Z,28481,1563,assignment_428551,assignment_428551
7051,TRUE,4,4,1,FALSE,FALSE,2024-05-01T20:08:47Z,28481,1564,assignment_428551,assignment_428551
7052,TRUE,3,4,0.75,FALSE,FALSE,2024-05-01T20:08:47Z,28481,1565,assignment_428551,assignment_428551
7053,FALSE,2,4,0.5,FALSE,FALSE,2024-05-01T20:08:47Z,28481,1566,assignment_428551,assignment_428551
7054,FALSE,2,4,0.5,FALSE,FALSE,2024-05-01T20:08:47Z,28481,1567,assignment_428551,assignment_428551
7055,FALSE,0,4,0,FALSE,FALSE,2024-05-01T20:10:07Z,4001,1562,assignment_428551,assignment_428551
7056,FALSE,0,4,0,FALSE,FALSE,2024-05-01T20:10:08Z,4001,1563,assignment_428551,assignment_428551
7057,FALSE,1,4,0.25,FALSE,FALSE,2024-05-01T20:10:08Z,4001,1564,assignment_428551,assignment_428551
7058,FALSE,1,4,0.25,FALSE,FALSE,2024-05-01T20:10:08Z,4001,1565,assignment_428551,assignment_428551
7059,FALSE,1,4,0.25,FALSE,FALSE,2024-05-01T20:10:08Z,4001,1566,assignment_428551,assignment_428551
7060,FALSE,1,4,0.25,FALSE,FALSE,2024-05-01T20:10:08Z,4001,1567,assignment_428551,assignment_428551
7061,FALSE,0,4,0,FALSE,FALSE,2024-05-01T20:11:16Z,5657,1562,assignment_428551,assignment_428551
7062,FALSE,0,4,0,FALSE,FALSE,2024-05-01T20:11:17Z,5657,1563,assignment_428551,assignment_428551
7063,FALSE,0,4,0,FALSE,FALSE,2024-05-01T20:11:17Z,5657,1564,assignment_428551,assignment_428551
7064,FALSE,0,4,0,FALSE,FALSE,2024-05-01T20:11:17Z,5657,1565,assignment_428551,assignment_428551
7065,FALSE,0,4,0,FALSE,FALSE,2024-05-01T20:11:17Z,5657,1566,assignment_428551,assignment_428551
7066,FALSE,0,4,0,FALSE,FALSE,2024-05-01T20:11:17Z,5657,1567,assignment_428551,assignment_428551
7067,FALSE,2,4,0.5,FALSE,FALSE,2024-05-01T20:15:45Z,7527,1562,assignment_428551,assignment_428551
7068,FALSE,0,4,0,FALSE,FALSE,2024-05-01T20:15:45Z,7527,1563,assignment_428551,assignment_428551
7069,TRUE,3,4,0.75,FALSE,FALSE,2024-05-01T20:15:45Z,7527,1564,assignment_428551,assignment_428551
7070,FALSE,0,4,0,FALSE,FALSE,2024-05-01T20:15:45Z,7527,1565,assignment_428551,assignment_428551
7071,FALSE,0,4,0,FALSE,FALSE,2024-05-01T20:15:45Z,7527,1566,assignment_428551,assignment_428551
7072,FALSE,0,4,0,FALSE,FALSE,2024-05-01T20:15:45Z,7527,1567,assignment_428551,assignment_428551
7073,FALSE,2,4,0.5,FALSE,FALSE,2024-05-01T20:26:07Z,6380,1562,assignment_428551,assignment_428551
7074,TRUE,3,4,0.75,FALSE,FALSE,2024-05-01T20:26:07Z,6380,1563,assignment_428551,assignment_428551
7075,FALSE,1,4,0.25,FALSE,FALSE,2024-05-01T20:26:07Z,6380,1564,assignment_428551,assignment_428551
7076,FALSE,1,4,0.25,FALSE,FALSE,2024-05-01T20:26:07Z,6380,1565,assignment_428551,assignment_428551
7077,FALSE,1,4,0.25,FALSE,FALSE,2024-05-01T20:26:07Z,6380,1566,assignment_428551,assignment_428551
7078,FALSE,1,4,0.25,FALSE,FALSE,2024-05-01T20:26:07Z,6380,1567,assignment_428551,assignment_428551
7079,TRUE,4,4,1,FALSE,FALSE,2024-05-01T20:27:25Z,15253,1562,assignment_428551,assignment_428551
7080,TRUE,4,4,1,FALSE,FALSE,2024-05-01T20:27:25Z,15253,1563,assignment_428551,assignment_428551
7081,FALSE,2,4,0.5,FALSE,FALSE,2024-05-01T20:27:25Z,15253,1564,assignment_428551,assignment_428551
7082,FALSE,2,4,0.5,FALSE,FALSE,2024-05-01T20:27:25Z,15253,1565,assignment_428551,assignment_428551
7083,FALSE,1,4,0.25,FALSE,FALSE,2024-05-01T20:27:25Z,15253,1566,assignment_428551,assignment_428551
7084,FALSE,1,4,0.25,FALSE,FALSE,2024-05-01T20:27:25Z,15253,1567,assignment_428551,assignment_428551
7085,TRUE,4,4,1,FALSE,FALSE,2024-05-01T20:28:31Z,29560,1562,assignment_428551,assignment_428551
7086,TRUE,4,4,1,FALSE,FALSE,2024-05-01T20:28:31Z,29560,1563,assignment_428551,assignment_428551
7087,TRUE,3,4,0.75,FALSE,FALSE,2024-05-01T20:28:31Z,29560,1564,assignment_428551,assignment_428551
7088,TRUE,4,4,1,FALSE,FALSE,2024-05-01T20:28:31Z,29560,1565,assignment_428551,assignment_428551
7089,TRUE,4,4,1,FALSE,FALSE,2024-05-01T20:28:31Z,29560,1566,assignment_428551,assignment_428551
7090,TRUE,4,4,1,FALSE,FALSE,2024-05-01T20:28:31Z,29560,1567,assignment_428551,assignment_428551
7091,TRUE,4,4,1,FALSE,FALSE,2024-05-01T20:29:56Z,25293,1562,assignment_428551,assignment_428551
7092,TRUE,4,4,1,FALSE,FALSE,2024-05-01T20:29:56Z,25293,1563,assignment_428551,assignment_428551
7093,TRUE,3,4,0.75,FALSE,FALSE,2024-05-01T20:29:56Z,25293,1564,assignment_428551,assignment_428551
7094,TRUE,3,4,0.75,FALSE,FALSE,2024-05-01T20:29:56Z,25293,1565,assignment_428551,assignment_428551
7095,TRUE,3,4,0.75,FALSE,FALSE,2024-05-01T20:29:56Z,25293,1566,assignment_428551,assignment_428551
7096,TRUE,3,4,0.75,FALSE,FALSE,2024-05-01T20:29:56Z,25293,1567,assignment_428551,assignment_428551
7097,TRUE,4,4,1,FALSE,FALSE,2024-05-01T20:42:27Z,18834,1562,assignment_428551,assignment_428551
7098,TRUE,3,4,0.75,FALSE,FALSE,2024-05-01T20:42:27Z,18834,1563,assignment_428551,assignment_428551
7099,TRUE,3,4,0.75,FALSE,FALSE,2024-05-01T20:42:27Z,18834,1564,assignment_428551,assignment_428551
7100,TRUE,4,4,1,FALSE,FALSE,2024-05-01T20:42:27Z,18834,1565,assignment_428551,assignment_428551
7101,FALSE,2,4,0.5,FALSE,FALSE,2024-05-01T20:42:27Z,18834,1566,assignment_428551,assignment_428551
7102,TRUE,3,4,0.75,FALSE,FALSE,2024-05-01T20:42:27Z,18834,1567,assignment_428551,assignment_428551
7103,TRUE,4,4,1,FALSE,FALSE,2024-05-01T20:42:46Z,30667,1562,assignment_428551,assignment_428551
7104,TRUE,4,4,1,FALSE,FALSE,2024-05-01T20:42:46Z,30667,1563,assignment_428551,assignment_428551
7105,TRUE,4,4,1,FALSE,FALSE,2024-05-01T20:42:46Z,30667,1564,assignment_428551,assignment_428551
7106,TRUE,4,4,1,FALSE,FALSE,2024-05-01T20:42:46Z,30667,1565,assignment_428551,assignment_428551
7107,TRUE,4,4,1,FALSE,FALSE,2024-05-01T20:42:47Z,30667,1566,assignment_428551,assignment_428551
7108,TRUE,4,4,1,FALSE,FALSE,2024-05-01T20:42:47Z,30667,1567,assignment_428551,assignment_428551
7109,TRUE,4,4,1,FALSE,FALSE,2024-05-01T20:43:51Z,17882,1562,assignment_428551,assignment_428551
7110,TRUE,3,4,0.75,FALSE,FALSE,2024-05-01T20:43:51Z,17882,1563,assignment_428551,assignment_428551
7111,TRUE,4,4,1,FALSE,FALSE,2024-05-01T20:43:51Z,17882,1564,assignment_428551,assignment_428551
7112,TRUE,3,4,0.75,FALSE,FALSE,2024-05-01T20:43:51Z,17882,1565,assignment_428551,assignment_428551
7113,TRUE,3,4,0.75,FALSE,FALSE,2024-05-01T20:43:51Z,17882,1566,assignment_428551,assignment_428551
7114,TRUE,3,4,0.75,FALSE,FALSE,2024-05-01T20:43:51Z,17882,1567,assignment_428551,assignment_428551
7115,FALSE,0,4,0,FALSE,FALSE,2024-05-01T20:44:19Z,19761,1562,assignment_428551,assignment_428551
7116,FALSE,0,4,0,FALSE,FALSE,2024-05-01T20:44:19Z,19761,1563,assignment_428551,assignment_428551
7117,FALSE,0,4,0,FALSE,FALSE,2024-05-01T20:44:20Z,19761,1564,assignment_428551,assignment_428551
7118,FALSE,0,4,0,FALSE,FALSE,2024-05-01T20:44:20Z,19761,1565,assignment_428551,assignment_428551
7119,FALSE,0,4,0,FALSE,FALSE,2024-05-01T20:44:20Z,19761,1566,assignment_428551,assignment_428551
7120,FALSE,0,4,0,FALSE,FALSE,2024-05-01T20:44:20Z,19761,1567,assignment_428551,assignment_428551
7121,TRUE,4,4,1,FALSE,FALSE,2024-05-01T20:45:59Z,31750,1562,assignment_428551,assignment_428551
7122,FALSE,0,4,0,FALSE,FALSE,2024-05-01T20:45:59Z,31750,1563,assignment_428551,assignment_428551
7123,TRUE,4,4,1,FALSE,FALSE,2024-05-01T20:45:59Z,31750,1564,assignment_428551,assignment_428551
7124,FALSE,2,4,0.5,FALSE,FALSE,2024-05-01T20:45:59Z,31750,1565,assignment_428551,assignment_428551
7125,FALSE,1,4,0.25,FALSE,FALSE,2024-05-01T20:45:59Z,31750,1566,assignment_428551,assignment_428551
7126,FALSE,1,4,0.25,FALSE,FALSE,2024-05-01T20:45:59Z,31750,1567,assignment_428551,assignment_428551
7127,TRUE,4,4,1,FALSE,FALSE,2024-05-01T20:46:29Z,1482,1562,assignment_428551,assignment_428551
7128,TRUE,4,4,1,FALSE,FALSE,2024-05-01T20:46:29Z,1482,1563,assignment_428551,assignment_428551
7129,TRUE,4,4,1,FALSE,FALSE,2024-05-01T20:46:29Z,1482,1564,assignment_428551,assignment_428551
7130,TRUE,4,4,1,FALSE,FALSE,2024-05-01T20:46:29Z,1482,1565,assignment_428551,assignment_428551
7131,TRUE,4,4,1,FALSE,FALSE,2024-05-01T20:46:29Z,1482,1566,assignment_428551,assignment_428551
7132,TRUE,4,4,1,FALSE,FALSE,2024-05-01T20:46:29Z,1482,1567,assignment_428551,assignment_428551
7133,TRUE,3,4,0.75,FALSE,FALSE,2024-05-01T21:04:47Z,21764,1547,assignment_428550,assignment_428550
7134,TRUE,4,4,1,FALSE,FALSE,2024-05-01T21:04:47Z,21764,1548,assignment_428550,assignment_428550
7135,TRUE,4,4,1,FALSE,FALSE,2024-05-01T21:04:47Z,21764,1549,assignment_428550,assignment_428550
7136,TRUE,4,4,1,FALSE,FALSE,2024-05-01T21:04:47Z,21764,1550,assignment_428550,assignment_428550
7137,TRUE,4,4,1,FALSE,FALSE,2024-05-01T21:04:47Z,21764,1551,assignment_428550,assignment_428550
7138,TRUE,4,4,1,FALSE,FALSE,2024-05-01T21:04:47Z,21764,1552,assignment_428550,assignment_428550
7139,TRUE,3,4,0.75,FALSE,FALSE,2024-05-01T21:05:05Z,21504,1547,assignment_428550,assignment_428550
7140,TRUE,4,4,1,FALSE,FALSE,2024-05-01T21:05:05Z,21504,1548,assignment_428550,assignment_428550
7141,TRUE,4,4,1,FALSE,FALSE,2024-05-01T21:05:06Z,21504,1549,assignment_428550,assignment_428550
7142,TRUE,4,4,1,FALSE,FALSE,2024-05-01T21:05:06Z,21504,1550,assignment_428550,assignment_428550
7143,TRUE,4,4,1,FALSE,FALSE,2024-05-01T21:05:06Z,21504,1551,assignment_428550,assignment_428550
7144,TRUE,4,4,1,FALSE,FALSE,2024-05-01T21:05:06Z,21504,1552,assignment_428550,assignment_428550
7145,TRUE,4,4,1,FALSE,FALSE,2024-05-01T21:05:14Z,6429,1547,assignment_428550,assignment_428550
7146,TRUE,4,4,1,FALSE,FALSE,2024-05-01T21:05:15Z,6429,1548,assignment_428550,assignment_428550
7147,TRUE,4,4,1,FALSE,FALSE,2024-05-01T21:05:15Z,6429,1549,assignment_428550,assignment_428550
7148,TRUE,4,4,1,FALSE,FALSE,2024-05-01T21:05:15Z,6429,1550,assignment_428550,assignment_428550
7149,TRUE,4,4,1,FALSE,FALSE,2024-05-01T21:05:15Z,6429,1551,assignment_428550,assignment_428550
7150,TRUE,4,4,1,FALSE,FALSE,2024-05-01T21:05:15Z,6429,1552,assignment_428550,assignment_428550
7151,TRUE,4,4,1,FALSE,FALSE,2024-05-01T21:05:24Z,9159,1547,assignment_428550,assignment_428550
7152,TRUE,4,4,1,FALSE,FALSE,2024-05-01T21:05:24Z,9159,1548,assignment_428550,assignment_428550
7153,TRUE,4,4,1,FALSE,FALSE,2024-05-01T21:05:24Z,9159,1549,assignment_428550,assignment_428550
7154,TRUE,4,4,1,FALSE,FALSE,2024-05-01T21:05:24Z,9159,1550,assignment_428550,assignment_428550
7155,TRUE,4,4,1,FALSE,FALSE,2024-05-01T21:05:24Z,9159,1551,assignment_428550,assignment_428550
7156,TRUE,4,4,1,FALSE,FALSE,2024-05-01T21:05:24Z,9159,1552,assignment_428550,assignment_428550
7157,FALSE,2,4,0.5,FALSE,FALSE,2024-05-01T21:05:38Z,11699,1547,assignment_428550,assignment_428550
7158,TRUE,4,4,1,FALSE,FALSE,2024-05-01T21:05:38Z,11699,1548,assignment_428550,assignment_428550
7159,TRUE,4,4,1,FALSE,FALSE,2024-05-01T21:05:38Z,11699,1549,assignment_428550,assignment_428550
7160,TRUE,4,4,1,FALSE,FALSE,2024-05-01T21:05:38Z,11699,1550,assignment_428550,assignment_428550
7161,TRUE,4,4,1,FALSE,FALSE,2024-05-01T21:05:39Z,11699,1551,assignment_428550,assignment_428550
7162,TRUE,4,4,1,FALSE,FALSE,2024-05-01T21:05:39Z,11699,1552,assignment_428550,assignment_428550
7163,TRUE,4,4,1,FALSE,FALSE,2024-05-01T21:06:37Z,16199,1547,assignment_428550,assignment_428550
7164,TRUE,4,4,1,FALSE,FALSE,2024-05-01T21:06:37Z,16199,1548,assignment_428550,assignment_428550
7165,TRUE,3,4,0.75,FALSE,FALSE,2024-05-01T21:06:37Z,16199,1549,assignment_428550,assignment_428550
7166,TRUE,4,4,1,FALSE,FALSE,2024-05-01T21:06:37Z,16199,1550,assignment_428550,assignment_428550
7167,TRUE,4,4,1,FALSE,FALSE,2024-05-01T21:06:37Z,16199,1551,assignment_428550,assignment_428550
7168,TRUE,4,4,1,FALSE,FALSE,2024-05-01T21:06:37Z,16199,1552,assignment_428550,assignment_428550
7169,TRUE,3,4,0.75,FALSE,FALSE,2024-05-01T21:06:44Z,21844,1547,assignment_428550,assignment_428550
7170,TRUE,4,4,1,FALSE,FALSE,2024-05-01T21:06:44Z,21844,1548,assignment_428550,assignment_428550
7171,TRUE,4,4,1,FALSE,FALSE,2024-05-01T21:06:44Z,21844,1549,assignment_428550,assignment_428550
7172,TRUE,4,4,1,FALSE,FALSE,2024-05-01T21:06:44Z,21844,1550,assignment_428550,assignment_428550
7173,TRUE,4,4,1,FALSE,FALSE,2024-05-01T21:06:44Z,21844,1551,assignment_428550,assignment_428550
7174,TRUE,4,4,1,FALSE,FALSE,2024-05-01T21:06:44Z,21844,1552,assignment_428550,assignment_428550
7175,TRUE,4,4,1,FALSE,FALSE,2024-05-01T21:07:00Z,15350,1547,assignment_428550,assignment_428550
7176,TRUE,4,4,1,FALSE,FALSE,2024-05-01T21:07:00Z,15350,1548,assignment_428550,assignment_428550
7177,TRUE,4,4,1,FALSE,FALSE,2024-05-01T21:07:00Z,15350,1549,assignment_428550,assignment_428550
7178,TRUE,4,4,1,FALSE,FALSE,2024-05-01T21:07:00Z,15350,1550,assignment_428550,assignment_428550
7179,TRUE,4,4,1,FALSE,FALSE,2024-05-01T21:07:00Z,15350,1551,assignment_428550,assignment_428550
7180,TRUE,4,4,1,FALSE,FALSE,2024-05-01T21:07:00Z,15350,1552,assignment_428550,assignment_428550
7181,TRUE,3,4,0.75,FALSE,FALSE,2024-05-01T21:07:00Z,24818,1547,assignment_428550,assignment_428550
7182,TRUE,4,4,1,FALSE,FALSE,2024-05-01T21:07:00Z,24818,1548,assignment_428550,assignment_428550
7183,TRUE,4,4,1,FALSE,FALSE,2024-05-01T21:07:00Z,24818,1549,assignment_428550,assignment_428550
7184,TRUE,4,4,1,FALSE,FALSE,2024-05-01T21:07:01Z,24818,1550,assignment_428550,assignment_428550
7185,TRUE,4,4,1,FALSE,FALSE,2024-05-01T21:07:01Z,24818,1551,assignment_428550,assignment_428550
7186,TRUE,4,4,1,FALSE,FALSE,2024-05-01T21:07:01Z,24818,1552,assignment_428550,assignment_428550
7187,TRUE,3,4,0.75,FALSE,FALSE,2024-05-01T21:07:09Z,16256,1547,assignment_428550,assignment_428550
7188,TRUE,4,4,1,FALSE,FALSE,2024-05-01T21:07:09Z,16256,1548,assignment_428550,assignment_428550
7189,TRUE,4,4,1,FALSE,FALSE,2024-05-01T21:07:09Z,16256,1549,assignment_428550,assignment_428550
7190,TRUE,4,4,1,FALSE,FALSE,2024-05-01T21:07:09Z,16256,1550,assignment_428550,assignment_428550
7191,TRUE,4,4,1,FALSE,FALSE,2024-05-01T21:07:09Z,16256,1551,assignment_428550,assignment_428550
7192,TRUE,4,4,1,FALSE,FALSE,2024-05-01T21:07:09Z,16256,1552,assignment_428550,assignment_428550
7193,TRUE,4,4,1,FALSE,FALSE,2024-05-01T21:07:13Z,22305,1547,assignment_428550,assignment_428550
7194,TRUE,4,4,1,FALSE,FALSE,2024-05-01T21:07:13Z,22305,1548,assignment_428550,assignment_428550
7195,TRUE,4,4,1,FALSE,FALSE,2024-05-01T21:07:13Z,22305,1549,assignment_428550,assignment_428550
7196,TRUE,4,4,1,FALSE,FALSE,2024-05-01T21:07:13Z,22305,1550,assignment_428550,assignment_428550
7197,TRUE,4,4,1,FALSE,FALSE,2024-05-01T21:07:13Z,22305,1551,assignment_428550,assignment_428550
7198,TRUE,4,4,1,FALSE,FALSE,2024-05-01T21:07:13Z,22305,1552,assignment_428550,assignment_428550
7199,TRUE,4,4,1,FALSE,FALSE,2024-05-01T21:07:14Z,5406,1547,assignment_428550,assignment_428550
7200,TRUE,4,4,1,FALSE,FALSE,2024-05-01T21:07:14Z,5406,1548,assignment_428550,assignment_428550
7201,TRUE,3,4,0.75,FALSE,FALSE,2024-05-01T21:07:15Z,5406,1549,assignment_428550,assignment_428550
7202,TRUE,3,4,0.75,FALSE,FALSE,2024-05-01T21:07:15Z,5406,1550,assignment_428550,assignment_428550
7203,TRUE,3,4,0.75,FALSE,FALSE,2024-05-01T21:07:15Z,5406,1551,assignment_428550,assignment_428550
7204,TRUE,3,4,0.75,FALSE,FALSE,2024-05-01T21:07:15Z,5406,1552,assignment_428550,assignment_428550
7205,FALSE,0,4,0,FALSE,FALSE,2024-05-01T21:07:29Z,20116,1547,assignment_428550,assignment_428550
7206,FALSE,0,4,0,FALSE,FALSE,2024-05-01T21:07:30Z,20116,1548,assignment_428550,assignment_428550
7207,FALSE,2,4,0.5,FALSE,FALSE,2024-05-01T21:07:30Z,20116,1549,assignment_428550,assignment_428550
7208,FALSE,1,4,0.25,FALSE,FALSE,2024-05-01T21:07:30Z,20116,1550,assignment_428550,assignment_428550
7209,FALSE,1,4,0.25,FALSE,FALSE,2024-05-01T21:07:30Z,20116,1551,assignment_428550,assignment_428550
7210,FALSE,1,4,0.25,FALSE,FALSE,2024-05-01T21:07:30Z,20116,1552,assignment_428550,assignment_428550
7211,TRUE,3,4,0.75,FALSE,FALSE,2024-05-01T21:07:57Z,4191,1547,assignment_428550,assignment_428550
7212,TRUE,4,4,1,FALSE,FALSE,2024-05-01T21:07:57Z,4191,1548,assignment_428550,assignment_428550
7213,TRUE,4,4,1,FALSE,FALSE,2024-05-01T21:07:57Z,4191,1549,assignment_428550,assignment_428550
7214,TRUE,4,4,1,FALSE,FALSE,2024-05-01T21:07:57Z,4191,1550,assignment_428550,assignment_428550
7215,TRUE,4,4,1,FALSE,FALSE,2024-05-01T21:07:57Z,4191,1551,assignment_428550,assignment_428550
7216,TRUE,4,4,1,FALSE,FALSE,2024-05-01T21:07:58Z,4191,1552,assignment_428550,assignment_428550
7217,TRUE,3,4,0.75,FALSE,FALSE,2024-05-01T21:08:06Z,7541,1547,assignment_428550,assignment_428550
7218,TRUE,4,4,1,FALSE,FALSE,2024-05-01T21:08:07Z,7541,1548,assignment_428550,assignment_428550
7219,TRUE,4,4,1,FALSE,FALSE,2024-05-01T21:08:07Z,7541,1549,assignment_428550,assignment_428550
7220,TRUE,4,4,1,FALSE,FALSE,2024-05-01T21:08:07Z,7541,1550,assignment_428550,assignment_428550
7221,TRUE,4,4,1,FALSE,FALSE,2024-05-01T21:08:07Z,7541,1551,assignment_428550,assignment_428550
7222,TRUE,4,4,1,FALSE,FALSE,2024-05-01T21:08:07Z,7541,1552,assignment_428550,assignment_428550
7223,TRUE,3,4,0.75,FALSE,FALSE,2024-05-01T21:08:18Z,25367,1547,assignment_428550,assignment_428550
7224,TRUE,4,4,1,FALSE,FALSE,2024-05-01T21:08:18Z,25367,1548,assignment_428550,assignment_428550
7225,TRUE,4,4,1,FALSE,FALSE,2024-05-01T21:08:18Z,25367,1549,assignment_428550,assignment_428550
7226,TRUE,4,4,1,FALSE,FALSE,2024-05-01T21:08:18Z,25367,1550,assignment_428550,assignment_428550
7227,TRUE,4,4,1,FALSE,FALSE,2024-05-01T21:08:18Z,25367,1551,assignment_428550,assignment_428550
7228,TRUE,4,4,1,FALSE,FALSE,2024-05-01T21:08:18Z,25367,1552,assignment_428550,assignment_428550
7229,TRUE,4,4,1,FALSE,FALSE,2024-05-01T21:08:27Z,10432,1547,assignment_428550,assignment_428550
7230,TRUE,4,4,1,FALSE,FALSE,2024-05-01T21:08:27Z,10432,1548,assignment_428550,assignment_428550
7231,TRUE,4,4,1,FALSE,FALSE,2024-05-01T21:08:27Z,10432,1549,assignment_428550,assignment_428550
7232,TRUE,4,4,1,FALSE,FALSE,2024-05-01T21:08:27Z,10432,1550,assignment_428550,assignment_428550
7233,TRUE,4,4,1,FALSE,FALSE,2024-05-01T21:08:27Z,10432,1551,assignment_428550,assignment_428550
7234,TRUE,4,4,1,FALSE,FALSE,2024-05-01T21:08:28Z,10432,1552,assignment_428550,assignment_428550
7235,TRUE,3,4,0.75,FALSE,FALSE,2024-05-01T21:08:30Z,33618,1547,assignment_428550,assignment_428550
7236,TRUE,4,4,1,FALSE,FALSE,2024-05-01T21:08:30Z,33618,1548,assignment_428550,assignment_428550
7237,TRUE,4,4,1,FALSE,FALSE,2024-05-01T21:08:30Z,33618,1549,assignment_428550,assignment_428550
7238,TRUE,4,4,1,FALSE,FALSE,2024-05-01T21:08:30Z,33618,1550,assignment_428550,assignment_428550
7239,TRUE,4,4,1,FALSE,FALSE,2024-05-01T21:08:30Z,33618,1551,assignment_428550,assignment_428550
7240,TRUE,4,4,1,FALSE,FALSE,2024-05-01T21:08:31Z,33618,1552,assignment_428550,assignment_428550
7241,TRUE,4,4,1,FALSE,FALSE,2024-05-01T21:08:53Z,23866,1547,assignment_428550,assignment_428550
7242,TRUE,4,4,1,FALSE,FALSE,2024-05-01T21:08:53Z,23866,1548,assignment_428550,assignment_428550
7243,TRUE,3,4,0.75,FALSE,FALSE,2024-05-01T21:08:53Z,23866,1549,assignment_428550,assignment_428550
7244,FALSE,2,4,0.5,FALSE,FALSE,2024-05-01T21:08:53Z,23866,1550,assignment_428550,assignment_428550
7245,FALSE,2,4,0.5,FALSE,FALSE,2024-05-01T21:08:53Z,23866,1551,assignment_428550,assignment_428550
7246,FALSE,2,4,0.5,FALSE,FALSE,2024-05-01T21:08:53Z,23866,1552,assignment_428550,assignment_428550
7247,TRUE,4,4,1,FALSE,FALSE,2024-05-01T21:09:12Z,19051,1547,assignment_428550,assignment_428550
7248,TRUE,4,4,1,FALSE,FALSE,2024-05-01T21:09:12Z,19051,1548,assignment_428550,assignment_428550
7249,TRUE,3,4,0.75,FALSE,FALSE,2024-05-01T21:09:12Z,19051,1549,assignment_428550,assignment_428550
7250,TRUE,4,4,1,FALSE,FALSE,2024-05-01T21:09:12Z,19051,1550,assignment_428550,assignment_428550
7251,TRUE,4,4,1,FALSE,FALSE,2024-05-01T21:09:13Z,19051,1551,assignment_428550,assignment_428550
7252,TRUE,4,4,1,FALSE,FALSE,2024-05-01T21:09:13Z,19051,1552,assignment_428550,assignment_428550
7253,TRUE,3,4,0.75,FALSE,FALSE,2024-05-01T21:09:18Z,34576,1547,assignment_428550,assignment_428550
7254,TRUE,4,4,1,FALSE,FALSE,2024-05-01T21:09:18Z,34576,1548,assignment_428550,assignment_428550
7255,TRUE,3,4,0.75,FALSE,FALSE,2024-05-01T21:09:18Z,34576,1549,assignment_428550,assignment_428550
7256,TRUE,4,4,1,FALSE,FALSE,2024-05-01T21:09:18Z,34576,1550,assignment_428550,assignment_428550
7257,TRUE,4,4,1,FALSE,FALSE,2024-05-01T21:09:18Z,34576,1551,assignment_428550,assignment_428550
7258,TRUE,4,4,1,FALSE,FALSE,2024-05-01T21:09:18Z,34576,1552,assignment_428550,assignment_428550
7259,TRUE,3,4,0.75,FALSE,FALSE,2024-05-01T21:09:40Z,6072,1547,assignment_428550,assignment_428550
7260,TRUE,4,4,1,FALSE,FALSE,2024-05-01T21:09:40Z,6072,1548,assignment_428550,assignment_428550
7261,TRUE,4,4,1,FALSE,FALSE,2024-05-01T21:09:41Z,6072,1549,assignment_428550,assignment_428550
7262,TRUE,4,4,1,FALSE,FALSE,2024-05-01T21:09:41Z,6072,1550,assignment_428550,assignment_428550
7263,TRUE,4,4,1,FALSE,FALSE,2024-05-01T21:09:41Z,6072,1551,assignment_428550,assignment_428550
7264,TRUE,4,4,1,FALSE,FALSE,2024-05-01T21:09:41Z,6072,1552,assignment_428550,assignment_428550
7265,FALSE,2,4,0.5,FALSE,FALSE,2024-05-01T21:09:45Z,2424,1547,assignment_428550,assignment_428550
7266,TRUE,4,4,1,FALSE,FALSE,2024-05-01T21:09:45Z,2424,1548,assignment_428550,assignment_428550
7267,TRUE,4,4,1,FALSE,FALSE,2024-05-01T21:09:45Z,2424,1549,assignment_428550,assignment_428550
7268,TRUE,4,4,1,FALSE,FALSE,2024-05-01T21:09:45Z,2424,1550,assignment_428550,assignment_428550
7269,TRUE,4,4,1,FALSE,FALSE,2024-05-01T21:09:45Z,2424,1551,assignment_428550,assignment_428550
7270,TRUE,4,4,1,FALSE,FALSE,2024-05-01T21:09:45Z,2424,1552,assignment_428550,assignment_428550
7277,TRUE,3,4,0.75,FALSE,FALSE,2024-05-01T21:09:47Z,19849,1547,assignment_428550,assignment_428550
7278,TRUE,3,4,0.75,FALSE,FALSE,2024-05-01T21:09:47Z,19849,1548,assignment_428550,assignment_428550
7279,TRUE,4,4,1,FALSE,FALSE,2024-05-01T21:09:47Z,19849,1549,assignment_428550,assignment_428550
7280,TRUE,4,4,1,FALSE,FALSE,2024-05-01T21:09:47Z,19849,1550,assignment_428550,assignment_428550
7281,TRUE,4,4,1,FALSE,FALSE,2024-05-01T21:09:47Z,19849,1551,assignment_428550,assignment_428550
7282,TRUE,4,4,1,FALSE,FALSE,2024-05-01T21:09:48Z,19849,1552,assignment_428550,assignment_428550
7271,TRUE,4,4,1,FALSE,FALSE,2024-05-01T21:10:02Z,18899,1547,assignment_428550,assignment_428550
7272,TRUE,4,4,1,FALSE,FALSE,2024-05-01T21:10:02Z,18899,1548,assignment_428550,assignment_428550
7273,TRUE,4,4,1,FALSE,FALSE,2024-05-01T21:10:02Z,18899,1549,assignment_428550,assignment_428550
7274,TRUE,4,4,1,FALSE,FALSE,2024-05-01T21:10:02Z,18899,1550,assignment_428550,assignment_428550
7275,TRUE,4,4,1,FALSE,FALSE,2024-05-01T21:10:02Z,18899,1551,assignment_428550,assignment_428550
7276,TRUE,4,4,1,FALSE,FALSE,2024-05-01T21:10:03Z,18899,1552,assignment_428550,assignment_428550
7283,TRUE,3,4,0.75,FALSE,FALSE,2024-05-01T21:10:06Z,3959,1547,assignment_428550,assignment_428550
7284,TRUE,4,4,1,FALSE,FALSE,2024-05-01T21:10:06Z,3959,1548,assignment_428550,assignment_428550
7285,TRUE,3,4,0.75,FALSE,FALSE,2024-05-01T21:10:06Z,3959,1549,assignment_428550,assignment_428550
7286,TRUE,3,4,0.75,FALSE,FALSE,2024-05-01T21:10:07Z,3959,1550,assignment_428550,assignment_428550
7287,TRUE,3,4,0.75,FALSE,FALSE,2024-05-01T21:10:07Z,3959,1551,assignment_428550,assignment_428550
7288,TRUE,3,4,0.75,FALSE,FALSE,2024-05-01T21:10:07Z,3959,1552,assignment_428550,assignment_428550
7289,TRUE,3,4,0.75,FALSE,FALSE,2024-05-01T21:10:20Z,20312,1547,assignment_428550,assignment_428550
7290,TRUE,4,4,1,FALSE,FALSE,2024-05-01T21:10:21Z,20312,1548,assignment_428550,assignment_428550
7291,TRUE,4,4,1,FALSE,FALSE,2024-05-01T21:10:21Z,20312,1549,assignment_428550,assignment_428550
7292,TRUE,4,4,1,FALSE,FALSE,2024-05-01T21:10:21Z,20312,1550,assignment_428550,assignment_428550
7293,TRUE,4,4,1,FALSE,FALSE,2024-05-01T21:10:21Z,20312,1551,assignment_428550,assignment_428550
7294,TRUE,4,4,1,FALSE,FALSE,2024-05-01T21:10:21Z,20312,1552,assignment_428550,assignment_428550
7295,TRUE,4,4,1,FALSE,FALSE,2024-05-01T21:10:25Z,23930,1547,assignment_428550,assignment_428550
7296,TRUE,4,4,1,FALSE,FALSE,2024-05-01T21:10:26Z,23930,1548,assignment_428550,assignment_428550
7297,TRUE,4,4,1,FALSE,FALSE,2024-05-01T21:10:26Z,23930,1549,assignment_428550,assignment_428550
7298,TRUE,4,4,1,FALSE,FALSE,2024-05-01T21:10:26Z,23930,1550,assignment_428550,assignment_428550
7299,TRUE,4,4,1,FALSE,FALSE,2024-05-01T21:10:26Z,23930,1551,assignment_428550,assignment_428550
7300,TRUE,4,4,1,FALSE,FALSE,2024-05-01T21:10:26Z,23930,1552,assignment_428550,assignment_428550
7301,FALSE,2,4,0.5,FALSE,FALSE,2024-05-01T21:10:41Z,21029,1547,assignment_428550,assignment_428550
7302,TRUE,4,4,1,FALSE,FALSE,2024-05-01T21:10:41Z,21029,1548,assignment_428550,assignment_428550
7303,FALSE,1,4,0.25,FALSE,FALSE,2024-05-01T21:10:41Z,21029,1549,assignment_428550,assignment_428550
7304,FALSE,1,4,0.25,FALSE,FALSE,2024-05-01T21:10:41Z,21029,1550,assignment_428550,assignment_428550
7305,FALSE,1,4,0.25,FALSE,FALSE,2024-05-01T21:10:41Z,21029,1551,assignment_428550,assignment_428550
7306,FALSE,1,4,0.25,FALSE,FALSE,2024-05-01T21:10:41Z,21029,1552,assignment_428550,assignment_428550
6741,TRUE,3,4,0.75,FALSE,FALSE,2024-04-27T10:11:18Z,3731,1553,assignment_425254,assignment_425254
6742,TRUE,3,4,0.75,FALSE,FALSE,2024-04-27T10:11:19Z,3731,1554,assignment_425254,assignment_425254
6743,TRUE,3,4,0.75,FALSE,FALSE,2024-04-27T10:11:19Z,3731,1555,assignment_425254,assignment_425254
6744,TRUE,3,4,0.75,FALSE,FALSE,2024-04-27T10:11:54Z,2078,1553,assignment_425254,assignment_425254
6745,TRUE,3,4,0.75,FALSE,FALSE,2024-04-27T10:11:54Z,2078,1554,assignment_425254,assignment_425254
6746,FALSE,2,4,0.5,FALSE,FALSE,2024-04-27T10:11:54Z,2078,1555,assignment_425254,assignment_425254
6747,TRUE,3,4,0.75,FALSE,FALSE,2024-04-27T10:12:13Z,15964,1553,assignment_425254,assignment_425254
6748,TRUE,3,4,0.75,FALSE,FALSE,2024-04-27T10:12:13Z,15964,1554,assignment_425254,assignment_425254
6749,TRUE,3,4,0.75,FALSE,FALSE,2024-04-27T10:12:13Z,15964,1555,assignment_425254,assignment_425254
6750,TRUE,3,4,0.75,FALSE,FALSE,2024-04-27T10:12:45Z,19494,1553,assignment_425254,assignment_425254
6751,TRUE,3,4,0.75,FALSE,FALSE,2024-04-27T10:12:45Z,19494,1554,assignment_425254,assignment_425254
6752,FALSE,2,4,0.5,FALSE,FALSE,2024-04-27T10:12:45Z,19494,1555,assignment_425254,assignment_425254
6753,TRUE,3,4,0.75,FALSE,FALSE,2024-04-29T14:36:30Z,1736,1553,assignment_425254,assignment_425254
6754,TRUE,3,4,0.75,FALSE,FALSE,2024-04-29T14:36:30Z,1736,1554,assignment_425254,assignment_425254
6755,FALSE,2,4,0.5,FALSE,FALSE,2024-04-29T14:36:31Z,1736,1555,assignment_425254,assignment_425254
6756,FALSE,0,4,0,FALSE,FALSE,2024-04-27T10:12:56Z,6752,1553,assignment_425254,assignment_425254
6757,FALSE,0,4,0,FALSE,FALSE,2024-04-27T10:12:56Z,6752,1554,assignment_425254,assignment_425254
6758,FALSE,0,4,0,FALSE,FALSE,2024-04-27T10:12:56Z,6752,1555,assignment_425254,assignment_425254
6759,TRUE,3,4,0.75,FALSE,FALSE,2024-04-27T10:13:02Z,3496,1553,assignment_425254,assignment_425254
6760,TRUE,3,4,0.75,FALSE,FALSE,2024-04-27T10:13:02Z,3496,1554,assignment_425254,assignment_425254
6761,TRUE,3,4,0.75,FALSE,FALSE,2024-04-27T10:13:02Z,3496,1555,assignment_425254,assignment_425254
6762,TRUE,3,4,0.75,FALSE,FALSE,2024-04-27T10:13:28Z,32481,1553,assignment_425254,assignment_425254
6763,FALSE,2,4,0.5,FALSE,FALSE,2024-04-27T10:13:28Z,32481,1554,assignment_425254,assignment_425254
6764,TRUE,3,4,0.75,FALSE,FALSE,2024-04-27T10:13:28Z,32481,1555,assignment_425254,assignment_425254
6765,TRUE,3,4,0.75,FALSE,FALSE,2024-04-27T10:13:57Z,7144,1553,assignment_425254,assignment_425254
6766,FALSE,2,4,0.5,FALSE,FALSE,2024-04-27T10:13:57Z,7144,1554,assignment_425254,assignment_425254
6767,FALSE,2,4,0.5,FALSE,FALSE,2024-04-27T10:13:57Z,7144,1555,assignment_425254,assignment_425254
6768,FALSE,0,4,0,FALSE,FALSE,2024-04-27T10:14:03Z,22316,1553,assignment_425254,assignment_425254
6769,FALSE,0,4,0,FALSE,FALSE,2024-04-27T10:14:03Z,22316,1554,assignment_425254,assignment_425254
6770,FALSE,0,4,0,FALSE,FALSE,2024-04-27T10:14:03Z,22316,1555,assignment_425254,assignment_425254
6771,FALSE,0,4,0,FALSE,FALSE,2024-04-27T10:14:09Z,10594,1553,assignment_425254,assignment_425254
6772,FALSE,0,4,0,FALSE,FALSE,2024-04-27T10:14:10Z,10594,1554,assignment_425254,assignment_425254
6773,FALSE,0,4,0,FALSE,FALSE,2024-04-27T10:14:10Z,10594,1555,assignment_425254,assignment_425254
6774,TRUE,3,4,0.75,FALSE,FALSE,2024-04-27T10:14:28Z,11584,1553,assignment_425254,assignment_425254
6775,TRUE,3,4,0.75,FALSE,FALSE,2024-04-27T10:14:28Z,11584,1554,assignment_425254,assignment_425254
6776,TRUE,3,4,0.75,FALSE,FALSE,2024-04-27T10:14:28Z,11584,1555,assignment_425254,assignment_425254
7308,TRUE,3,4,0.75,FALSE,FALSE,2024-05-01T21:02:44Z,9040,1576,assignment_428580,assignment_428580
7325,TRUE,3,4,0.75,FALSE,FALSE,2024-05-01T21:07:10Z,9040,1577,assignment_428579,assignment_428579
7307,TRUE,3,4,0.75,FALSE,FALSE,2024-05-01T21:03:04Z,19634,1576,assignment_428580,assignment_428580
7326,TRUE,3,4,0.75,FALSE,FALSE,2024-05-01T21:07:14Z,19634,1577,assignment_428579,assignment_428579
7309,FALSE,2,4,0.5,FALSE,FALSE,2024-05-01T21:03:10Z,3542,1576,assignment_428580,assignment_428580
7327,FALSE,2,4,0.5,FALSE,FALSE,2024-05-01T21:07:24Z,3542,1577,assignment_428579,assignment_428579
7310,TRUE,3,4,0.75,FALSE,FALSE,2024-05-01T21:03:22Z,4272,1576,assignment_428580,assignment_428580
7328,TRUE,3,4,0.75,FALSE,FALSE,2024-05-01T21:07:37Z,4272,1577,assignment_428579,assignment_428579
7311,TRUE,3,4,0.75,FALSE,FALSE,2024-05-01T21:04:00Z,19494,1576,assignment_428580,assignment_428580
7329,TRUE,3,4,0.75,FALSE,FALSE,2024-05-01T21:07:43Z,19494,1577,assignment_428579,assignment_428579
7312,TRUE,3,4,0.75,FALSE,FALSE,2024-05-01T21:04:12Z,10556,1576,assignment_428580,assignment_428580
7330,TRUE,3,4,0.75,FALSE,FALSE,2024-05-01T21:07:47Z,10556,1577,assignment_428579,assignment_428579
7313,TRUE,3,4,0.75,FALSE,FALSE,2024-05-01T21:04:24Z,3269,1576,assignment_428580,assignment_428580
7331,TRUE,3,4,0.75,FALSE,FALSE,2024-05-01T21:07:57Z,3269,1577,assignment_428579,assignment_428579
7314,TRUE,3,4,0.75,FALSE,FALSE,2024-05-01T21:04:31Z,24461,1576,assignment_428580,assignment_428580
7332,TRUE,3,4,0.75,FALSE,FALSE,2024-05-01T21:08:06Z,24461,1577,assignment_428579,assignment_428579
7315,TRUE,3,4,0.75,FALSE,FALSE,2024-05-01T21:04:42Z,11534,1576,assignment_428580,assignment_428580
7333,TRUE,3,4,0.75,FALSE,FALSE,2024-05-01T21:08:07Z,11534,1577,assignment_428579,assignment_428579
7316,TRUE,3,4,0.75,FALSE,FALSE,2024-05-01T21:04:47Z,9752,1576,assignment_428580,assignment_428580
7334,TRUE,3,4,0.75,FALSE,FALSE,2024-05-01T21:08:11Z,9752,1577,assignment_428579,assignment_428579
7317,TRUE,3,4,0.75,FALSE,FALSE,2024-05-01T21:04:58Z,1863,1576,assignment_428580,assignment_428580
7335,TRUE,3,4,0.75,FALSE,FALSE,2024-05-01T21:08:17Z,1863,1577,assignment_428579,assignment_428579
7318,TRUE,3,4,0.75,FALSE,FALSE,2024-05-01T21:05:12Z,19484,1576,assignment_428580,assignment_428580
7336,TRUE,3,4,0.75,FALSE,FALSE,2024-05-01T21:08:29Z,19484,1577,assignment_428579,assignment_428579
7319,FALSE,1,4,0.25,FALSE,FALSE,2024-05-01T21:05:25Z,3838,1576,assignment_428580,assignment_428580
7337,FALSE,1,4,0.25,FALSE,FALSE,2024-05-01T21:08:32Z,3838,1577,assignment_428579,assignment_428579
7320,TRUE,3,4,0.75,FALSE,FALSE,2024-05-01T21:05:40Z,2799,1576,assignment_428580,assignment_428580
7338,TRUE,3,4,0.75,FALSE,FALSE,2024-05-01T21:08:35Z,2799,1577,assignment_428579,assignment_428579
7321,TRUE,4,4,1,FALSE,FALSE,2024-05-01T21:06:36Z,30667,1576,assignment_428580,assignment_428580
7340,TRUE,4,4,1,FALSE,FALSE,2024-05-01T21:08:44Z,30667,1577,assignment_428579,assignment_428579
7323,TRUE,3,4,0.75,FALSE,FALSE,2024-05-01T21:06:39Z,31953,1576,assignment_428580,assignment_428580
7339,TRUE,3,4,0.75,FALSE,FALSE,2024-05-01T21:08:43Z,31953,1577,assignment_428579,assignment_428579
7322,FALSE,2,4,0.5,FALSE,FALSE,2024-05-01T21:06:39Z,31306,1576,assignment_428580,assignment_428580
7341,FALSE,2,4,0.5,FALSE,FALSE,2024-05-01T21:08:50Z,31306,1577,assignment_428579,assignment_428579
7324,TRUE,3,4,0.75,FALSE,FALSE,2024-05-01T21:06:43Z,18179,1576,assignment_428580,assignment_428580
7342,TRUE,3,4,0.75,FALSE,FALSE,2024-05-01T21:08:53Z,18179,1577,assignment_428579,assignment_428579
6407,TRUE,4,4,1,FALSE,FALSE,2024-04-16T20:54:34Z,29688,860,assignment_425253,assignment_425253
6408,TRUE,3,4,0.75,FALSE,FALSE,2024-04-16T20:54:34Z,29688,861,assignment_425253,assignment_425253
6409,FALSE,0,4,0,FALSE,FALSE,2024-04-16T20:56:04Z,20985,860,assignment_425253,assignment_425253
6410,FALSE,0,4,0,FALSE,FALSE,2024-04-16T20:56:04Z,20985,861,assignment_425253,assignment_425253
6817,TRUE,4,4,1,FALSE,FALSE,2024-04-30T20:52:13Z,21764,1700,assignment_427843,assignment_427843
6818,TRUE,4,4,1,FALSE,FALSE,2024-04-30T20:52:14Z,21764,1701,assignment_427843,assignment_427843
6819,TRUE,4,4,1,FALSE,FALSE,2024-04-30T20:52:14Z,21764,1702,assignment_427843,assignment_427843
6820,TRUE,4,4,1,FALSE,FALSE,2024-04-30T20:52:14Z,21764,1703,assignment_427843,assignment_427843
6821,TRUE,4,4,1,FALSE,FALSE,2024-04-30T20:52:14Z,21764,1704,assignment_427843,assignment_427843
6822,TRUE,4,4,1,FALSE,FALSE,2024-04-30T20:52:14Z,21764,1705,assignment_427843,assignment_427843
6823,TRUE,4,4,1,FALSE,FALSE,2024-04-30T20:52:14Z,21764,1706,assignment_427843,assignment_427843
6824,TRUE,4,4,1,FALSE,FALSE,2024-04-30T20:52:14Z,21764,1707,assignment_427843,assignment_427843
6825,TRUE,4,4,1,FALSE,FALSE,2024-04-30T20:52:15Z,21764,1708,assignment_427843,assignment_427843
6826,TRUE,4,4,1,FALSE,FALSE,2024-04-30T20:52:15Z,21764,1709,assignment_427843,assignment_427843
6827,TRUE,4,4,1,FALSE,FALSE,2024-04-30T20:52:15Z,21764,1710,assignment_427843,assignment_427843
6828,TRUE,4,4,1,FALSE,FALSE,2024-04-30T20:53:01Z,21504,1700,assignment_427843,assignment_427843
6829,TRUE,4,4,1,FALSE,FALSE,2024-04-30T20:53:01Z,21504,1701,assignment_427843,assignment_427843
6830,TRUE,4,4,1,FALSE,FALSE,2024-04-30T20:53:01Z,21504,1702,assignment_427843,assignment_427843
6831,TRUE,4,4,1,FALSE,FALSE,2024-04-30T20:53:01Z,21504,1703,assignment_427843,assignment_427843
6832,TRUE,4,4,1,FALSE,FALSE,2024-04-30T20:53:02Z,21504,1704,assignment_427843,assignment_427843
6833,TRUE,4,4,1,FALSE,FALSE,2024-04-30T20:53:02Z,21504,1705,assignment_427843,assignment_427843
6834,TRUE,4,4,1,FALSE,FALSE,2024-04-30T20:53:02Z,21504,1706,assignment_427843,assignment_427843
6835,TRUE,4,4,1,FALSE,FALSE,2024-04-30T20:53:02Z,21504,1707,assignment_427843,assignment_427843
6836,TRUE,4,4,1,FALSE,FALSE,2024-04-30T20:53:02Z,21504,1708,assignment_427843,assignment_427843
6837,TRUE,4,4,1,FALSE,FALSE,2024-04-30T20:53:02Z,21504,1709,assignment_427843,assignment_427843
6838,TRUE,4,4,1,FALSE,FALSE,2024-04-30T20:53:02Z,21504,1710,assignment_427843,assignment_427843
6839,TRUE,4,4,1,FALSE,FALSE,2024-04-30T20:57:34Z,7020,1700,assignment_427843,assignment_427843
6840,TRUE,4,4,1,FALSE,FALSE,2024-04-30T20:57:35Z,7020,1701,assignment_427843,assignment_427843
6841,TRUE,4,4,1,FALSE,FALSE,2024-04-30T20:57:35Z,7020,1702,assignment_427843,assignment_427843
6842,TRUE,4,4,1,FALSE,FALSE,2024-04-30T20:57:35Z,7020,1703,assignment_427843,assignment_427843
6843,TRUE,4,4,1,FALSE,FALSE,2024-04-30T20:57:35Z,7020,1704,assignment_427843,assignment_427843
6844,TRUE,4,4,1,FALSE,FALSE,2024-04-30T20:57:35Z,7020,1705,assignment_427843,assignment_427843
6845,TRUE,4,4,1,FALSE,FALSE,2024-04-30T20:57:35Z,7020,1706,assignment_427843,assignment_427843
6846,TRUE,4,4,1,FALSE,FALSE,2024-04-30T20:57:35Z,7020,1707,assignment_427843,assignment_427843
6847,TRUE,4,4,1,FALSE,FALSE,2024-04-30T20:57:35Z,7020,1708,assignment_427843,assignment_427843
6848,TRUE,4,4,1,FALSE,FALSE,2024-04-30T20:57:35Z,7020,1709,assignment_427843,assignment_427843
6849,TRUE,4,4,1,FALSE,FALSE,2024-04-30T20:57:36Z,7020,1710,assignment_427843,assignment_427843
6850,TRUE,4,4,1,FALSE,FALSE,2024-04-30T20:57:46Z,21844,1700,assignment_427843,assignment_427843
6851,TRUE,4,4,1,FALSE,FALSE,2024-04-30T20:57:46Z,21844,1701,assignment_427843,assignment_427843
6852,TRUE,4,4,1,FALSE,FALSE,2024-04-30T20:57:46Z,21844,1702,assignment_427843,assignment_427843
6853,TRUE,4,4,1,FALSE,FALSE,2024-04-30T20:57:47Z,21844,1703,assignment_427843,assignment_427843
6854,TRUE,4,4,1,FALSE,FALSE,2024-04-30T20:57:47Z,21844,1704,assignment_427843,assignment_427843
6855,TRUE,4,4,1,FALSE,FALSE,2024-04-30T20:57:47Z,21844,1705,assignment_427843,assignment_427843
6856,TRUE,4,4,1,FALSE,FALSE,2024-04-30T20:57:47Z,21844,1706,assignment_427843,assignment_427843
6857,TRUE,4,4,1,FALSE,FALSE,2024-04-30T20:57:47Z,21844,1707,assignment_427843,assignment_427843
6858,TRUE,4,4,1,FALSE,FALSE,2024-04-30T20:57:47Z,21844,1708,assignment_427843,assignment_427843
6859,TRUE,4,4,1,FALSE,FALSE,2024-04-30T20:57:47Z,21844,1709,assignment_427843,assignment_427843
6860,TRUE,4,4,1,FALSE,FALSE,2024-04-30T20:57:47Z,21844,1710,assignment_427843,assignment_427843
6861,TRUE,4,4,1,FALSE,FALSE,2024-04-30T20:57:59Z,24818,1700,assignment_427843,assignment_427843
6862,TRUE,4,4,1,FALSE,FALSE,2024-04-30T20:57:59Z,24818,1701,assignment_427843,assignment_427843
6863,TRUE,4,4,1,FALSE,FALSE,2024-04-30T20:57:59Z,24818,1702,assignment_427843,assignment_427843
6864,TRUE,4,4,1,FALSE,FALSE,2024-04-30T20:57:59Z,24818,1703,assignment_427843,assignment_427843
6865,TRUE,4,4,1,FALSE,FALSE,2024-04-30T20:57:59Z,24818,1704,assignment_427843,assignment_427843
6866,TRUE,4,4,1,FALSE,FALSE,2024-04-30T20:57:59Z,24818,1705,assignment_427843,assignment_427843
6867,TRUE,4,4,1,FALSE,FALSE,2024-04-30T20:57:59Z,24818,1706,assignment_427843,assignment_427843
6868,TRUE,4,4,1,FALSE,FALSE,2024-04-30T20:57:59Z,24818,1707,assignment_427843,assignment_427843
6869,TRUE,4,4,1,FALSE,FALSE,2024-04-30T20:57:59Z,24818,1708,assignment_427843,assignment_427843
6870,TRUE,4,4,1,FALSE,FALSE,2024-04-30T20:58:00Z,24818,1709,assignment_427843,assignment_427843
6871,TRUE,4,4,1,FALSE,FALSE,2024-04-30T20:58:00Z,24818,1710,assignment_427843,assignment_427843
6872,TRUE,3,4,0.75,FALSE,FALSE,2024-04-30T20:59:03Z,22305,1700,assignment_427843,assignment_427843
6873,TRUE,3,4,0.75,FALSE,FALSE,2024-04-30T20:59:03Z,22305,1701,assignment_427843,assignment_427843
6874,TRUE,4,4,1,FALSE,FALSE,2024-04-30T20:59:03Z,22305,1702,assignment_427843,assignment_427843
6875,TRUE,3,4,0.75,FALSE,FALSE,2024-04-30T20:59:03Z,22305,1703,assignment_427843,assignment_427843
6876,TRUE,4,4,1,FALSE,FALSE,2024-04-30T20:59:03Z,22305,1704,assignment_427843,assignment_427843
6877,TRUE,4,4,1,FALSE,FALSE,2024-04-30T20:59:03Z,22305,1705,assignment_427843,assignment_427843
6878,TRUE,4,4,1,FALSE,FALSE,2024-04-30T20:59:03Z,22305,1706,assignment_427843,assignment_427843
6879,TRUE,4,4,1,FALSE,FALSE,2024-04-30T20:59:03Z,22305,1707,assignment_427843,assignment_427843
6880,TRUE,3,4,0.75,FALSE,FALSE,2024-04-30T20:59:04Z,22305,1708,assignment_427843,assignment_427843
6881,TRUE,3,4,0.75,FALSE,FALSE,2024-04-30T20:59:04Z,22305,1709,assignment_427843,assignment_427843
6882,TRUE,3,4,0.75,FALSE,FALSE,2024-04-30T20:59:04Z,22305,1710,assignment_427843,assignment_427843
6883,TRUE,4,4,1,FALSE,FALSE,2024-04-30T20:59:25Z,3485,1700,assignment_427843,assignment_427843
6884,TRUE,4,4,1,FALSE,FALSE,2024-04-30T20:59:25Z,3485,1701,assignment_427843,assignment_427843
6885,TRUE,4,4,1,FALSE,FALSE,2024-04-30T20:59:25Z,3485,1702,assignment_427843,assignment_427843
6886,TRUE,4,4,1,FALSE,FALSE,2024-04-30T20:59:25Z,3485,1703,assignment_427843,assignment_427843
6887,TRUE,4,4,1,FALSE,FALSE,2024-04-30T20:59:26Z,3485,1704,assignment_427843,assignment_427843
6888,TRUE,4,4,1,FALSE,FALSE,2024-04-30T20:59:26Z,3485,1705,assignment_427843,assignment_427843
6889,TRUE,4,4,1,FALSE,FALSE,2024-04-30T20:59:26Z,3485,1706,assignment_427843,assignment_427843
6890,TRUE,4,4,1,FALSE,FALSE,2024-04-30T20:59:26Z,3485,1707,assignment_427843,assignment_427843
6891,TRUE,4,4,1,FALSE,FALSE,2024-04-30T20:59:26Z,3485,1708,assignment_427843,assignment_427843
6892,TRUE,4,4,1,FALSE,FALSE,2024-04-30T20:59:26Z,3485,1709,assignment_427843,assignment_427843
6893,TRUE,4,4,1,FALSE,FALSE,2024-04-30T20:59:26Z,3485,1710,assignment_427843,assignment_427843
6894,TRUE,4,4,1,FALSE,FALSE,2024-04-30T20:59:39Z,15603,1700,assignment_427843,assignment_427843
6895,TRUE,4,4,1,FALSE,FALSE,2024-04-30T20:59:39Z,15603,1701,assignment_427843,assignment_427843
6896,TRUE,4,4,1,FALSE,FALSE,2024-04-30T20:59:39Z,15603,1702,assignment_427843,assignment_427843
6897,TRUE,4,4,1,FALSE,FALSE,2024-04-30T20:59:39Z,15603,1703,assignment_427843,assignment_427843
6898,TRUE,4,4,1,FALSE,FALSE,2024-04-30T20:59:39Z,15603,1704,assignment_427843,assignment_427843
6899,TRUE,4,4,1,FALSE,FALSE,2024-04-30T20:59:39Z,15603,1705,assignment_427843,assignment_427843
6900,TRUE,4,4,1,FALSE,FALSE,2024-04-30T20:59:39Z,15603,1706,assignment_427843,assignment_427843
6901,TRUE,4,4,1,FALSE,FALSE,2024-04-30T20:59:40Z,15603,1707,assignment_427843,assignment_427843
6902,TRUE,4,4,1,FALSE,FALSE,2024-04-30T20:59:40Z,15603,1708,assignment_427843,assignment_427843
6903,TRUE,4,4,1,FALSE,FALSE,2024-04-30T20:59:40Z,15603,1709,assignment_427843,assignment_427843
6904,TRUE,4,4,1,FALSE,FALSE,2024-04-30T20:59:40Z,15603,1710,assignment_427843,assignment_427843
6905,TRUE,3,4,0.75,FALSE,FALSE,2024-04-30T21:00:34Z,25367,1700,assignment_427843,assignment_427843
6906,TRUE,3,4,0.75,FALSE,FALSE,2024-04-30T21:00:34Z,25367,1701,assignment_427843,assignment_427843
6907,TRUE,4,4,1,FALSE,FALSE,2024-04-30T21:00:34Z,25367,1702,assignment_427843,assignment_427843
6908,TRUE,3,4,0.75,FALSE,FALSE,2024-04-30T21:00:34Z,25367,1703,assignment_427843,assignment_427843
6909,TRUE,4,4,1,FALSE,FALSE,2024-04-30T21:00:34Z,25367,1704,assignment_427843,assignment_427843
6910,TRUE,4,4,1,FALSE,FALSE,2024-04-30T21:00:34Z,25367,1705,assignment_427843,assignment_427843
6911,TRUE,4,4,1,FALSE,FALSE,2024-04-30T21:00:34Z,25367,1706,assignment_427843,assignment_427843
6912,TRUE,4,4,1,FALSE,FALSE,2024-04-30T21:00:34Z,25367,1707,assignment_427843,assignment_427843
6913,TRUE,3,4,0.75,FALSE,FALSE,2024-04-30T21:00:34Z,25367,1708,assignment_427843,assignment_427843
6914,TRUE,3,4,0.75,FALSE,FALSE,2024-04-30T21:00:34Z,25367,1709,assignment_427843,assignment_427843
6915,TRUE,3,4,0.75,FALSE,FALSE,2024-04-30T21:00:34Z,25367,1710,assignment_427843,assignment_427843
6916,TRUE,3,4,0.75,FALSE,FALSE,2024-04-30T21:01:13Z,10432,1700,assignment_427843,assignment_427843
6917,TRUE,3,4,0.75,FALSE,FALSE,2024-04-30T21:01:13Z,10432,1701,assignment_427843,assignment_427843
6918,TRUE,4,4,1,FALSE,FALSE,2024-04-30T21:01:13Z,10432,1702,assignment_427843,assignment_427843
6919,TRUE,4,4,1,FALSE,FALSE,2024-04-30T21:01:13Z,10432,1703,assignment_427843,assignment_427843
6920,TRUE,4,4,1,FALSE,FALSE,2024-04-30T21:01:13Z,10432,1704,assignment_427843,assignment_427843
6921,TRUE,4,4,1,FALSE,FALSE,2024-04-30T21:01:13Z,10432,1705,assignment_427843,assignment_427843
6922,TRUE,4,4,1,FALSE,FALSE,2024-04-30T21:01:13Z,10432,1706,assignment_427843,assignment_427843
6923,TRUE,4,4,1,FALSE,FALSE,2024-04-30T21:01:13Z,10432,1707,assignment_427843,assignment_427843
6924,TRUE,3,4,0.75,FALSE,FALSE,2024-04-30T21:01:13Z,10432,1708,assignment_427843,assignment_427843
6925,TRUE,3,4,0.75,FALSE,FALSE,2024-04-30T21:01:13Z,10432,1709,assignment_427843,assignment_427843
6926,TRUE,3,4,0.75,FALSE,FALSE,2024-04-30T21:01:13Z,10432,1710,assignment_427843,assignment_427843
6927,FALSE,1,4,0.25,FALSE,FALSE,2024-04-30T21:02:28Z,7737,1700,assignment_427843,assignment_427843
6928,FALSE,1,4,0.25,FALSE,FALSE,2024-04-30T21:02:28Z,7737,1701,assignment_427843,assignment_427843
6929,FALSE,0,4,0,FALSE,FALSE,2024-04-30T21:02:29Z,7737,1702,assignment_427843,assignment_427843
6930,TRUE,3,4,0.75,FALSE,FALSE,2024-04-30T21:02:29Z,7737,1703,assignment_427843,assignment_427843
6931,FALSE,0,4,0,FALSE,FALSE,2024-04-30T21:02:29Z,7737,1704,assignment_427843,assignment_427843
6932,FALSE,1,4,0.25,FALSE,FALSE,2024-04-30T21:02:29Z,7737,1705,assignment_427843,assignment_427843
6933,FALSE,0,4,0,FALSE,FALSE,2024-04-30T21:02:29Z,7737,1706,assignment_427843,assignment_427843
6934,FALSE,0,4,0,FALSE,FALSE,2024-04-30T21:02:29Z,7737,1707,assignment_427843,assignment_427843
6935,FALSE,1,4,0.25,FALSE,FALSE,2024-04-30T21:02:29Z,7737,1708,assignment_427843,assignment_427843
6936,FALSE,1,4,0.25,FALSE,FALSE,2024-04-30T21:02:29Z,7737,1709,assignment_427843,assignment_427843
6937,FALSE,1,4,0.25,FALSE,FALSE,2024-04-30T21:02:29Z,7737,1710,assignment_427843,assignment_427843
6938,TRUE,3,4,0.75,FALSE,FALSE,2024-04-30T21:02:58Z,28779,1700,assignment_427843,assignment_427843
6939,TRUE,3,4,0.75,FALSE,FALSE,2024-04-30T21:02:58Z,28779,1701,assignment_427843,assignment_427843
6940,TRUE,4,4,1,FALSE,FALSE,2024-04-30T21:02:58Z,28779,1702,assignment_427843,assignment_427843
6941,TRUE,4,4,1,FALSE,FALSE,2024-04-30T21:02:58Z,28779,1703,assignment_427843,assignment_427843
6942,TRUE,4,4,1,FALSE,FALSE,2024-04-30T21:02:58Z,28779,1704,assignment_427843,assignment_427843
6943,TRUE,4,4,1,FALSE,FALSE,2024-04-30T21:02:58Z,28779,1705,assignment_427843,assignment_427843
6944,TRUE,4,4,1,FALSE,FALSE,2024-04-30T21:02:58Z,28779,1706,assignment_427843,assignment_427843
6945,TRUE,4,4,1,FALSE,FALSE,2024-04-30T21:02:59Z,28779,1707,assignment_427843,assignment_427843
6946,TRUE,3,4,0.75,FALSE,FALSE,2024-04-30T21:02:59Z,28779,1708,assignment_427843,assignment_427843
6947,TRUE,3,4,0.75,FALSE,FALSE,2024-04-30T21:02:59Z,28779,1709,assignment_427843,assignment_427843
6948,TRUE,3,4,0.75,FALSE,FALSE,2024-04-30T21:02:59Z,28779,1710,assignment_427843,assignment_427843
6949,TRUE,4,4,1,FALSE,FALSE,2024-04-30T21:03:12Z,19484,1700,assignment_427843,assignment_427843
6950,TRUE,4,4,1,FALSE,FALSE,2024-04-30T21:03:12Z,19484,1701,assignment_427843,assignment_427843
6951,TRUE,4,4,1,FALSE,FALSE,2024-04-30T21:03:12Z,19484,1702,assignment_427843,assignment_427843
6952,TRUE,4,4,1,FALSE,FALSE,2024-04-30T21:03:12Z,19484,1703,assignment_427843,assignment_427843
6953,TRUE,4,4,1,FALSE,FALSE,2024-04-30T21:03:12Z,19484,1704,assignment_427843,assignment_427843
6954,TRUE,4,4,1,FALSE,FALSE,2024-04-30T21:03:13Z,19484,1705,assignment_427843,assignment_427843
6955,TRUE,4,4,1,FALSE,FALSE,2024-04-30T21:03:13Z,19484,1706,assignment_427843,assignment_427843
6956,TRUE,4,4,1,FALSE,FALSE,2024-04-30T21:03:13Z,19484,1707,assignment_427843,assignment_427843
6957,TRUE,4,4,1,FALSE,FALSE,2024-04-30T21:03:13Z,19484,1708,assignment_427843,assignment_427843
6958,TRUE,4,4,1,FALSE,FALSE,2024-04-30T21:03:13Z,19484,1709,assignment_427843,assignment_427843
6959,TRUE,4,4,1,FALSE,FALSE,2024-04-30T21:03:13Z,19484,1710,assignment_427843,assignment_427843
6960,TRUE,3,4,0.75,FALSE,FALSE,2024-04-30T21:04:23Z,15360,1700,assignment_427843,assignment_427843
6961,TRUE,3,4,0.75,FALSE,FALSE,2024-04-30T21:04:24Z,15360,1701,assignment_427843,assignment_427843
6962,FALSE,2,4,0.5,FALSE,FALSE,2024-04-30T21:04:24Z,15360,1702,assignment_427843,assignment_427843
6963,TRUE,4,4,1,FALSE,FALSE,2024-04-30T21:04:24Z,15360,1703,assignment_427843,assignment_427843
6964,FALSE,1,4,0.25,FALSE,FALSE,2024-04-30T21:04:24Z,15360,1704,assignment_427843,assignment_427843
6965,FALSE,1,4,0.25,FALSE,FALSE,2024-04-30T21:04:24Z,15360,1705,assignment_427843,assignment_427843
6966,FALSE,1,4,0.25,FALSE,FALSE,2024-04-30T21:04:24Z,15360,1706,assignment_427843,assignment_427843
6967,FALSE,1,4,0.25,FALSE,FALSE,2024-04-30T21:04:24Z,15360,1707,assignment_427843,assignment_427843
6968,TRUE,3,4,0.75,FALSE,FALSE,2024-04-30T21:04:24Z,15360,1708,assignment_427843,assignment_427843
6969,TRUE,3,4,0.75,FALSE,FALSE,2024-04-30T21:04:24Z,15360,1709,assignment_427843,assignment_427843
6970,TRUE,3,4,0.75,FALSE,FALSE,2024-04-30T21:04:25Z,15360,1710,assignment_427843,assignment_427843
6971,FALSE,2,4,0.5,FALSE,FALSE,2024-04-30T21:05:22Z,4726,1700,assignment_427843,assignment_427843
6972,FALSE,2,4,0.5,FALSE,FALSE,2024-04-30T21:05:22Z,4726,1701,assignment_427843,assignment_427843
6973,FALSE,0,4,0,FALSE,FALSE,2024-04-30T21:05:22Z,4726,1702,assignment_427843,assignment_427843
6974,TRUE,3,4,0.75,FALSE,FALSE,2024-04-30T21:05:22Z,4726,1703,assignment_427843,assignment_427843
6975,FALSE,1,4,0.25,FALSE,FALSE,2024-04-30T21:05:22Z,4726,1704,assignment_427843,assignment_427843
6976,FALSE,0,4,0,FALSE,FALSE,2024-04-30T21:05:22Z,4726,1705,assignment_427843,assignment_427843
6977,FALSE,1,4,0.25,FALSE,FALSE,2024-04-30T21:05:22Z,4726,1706,assignment_427843,assignment_427843
6978,FALSE,1,4,0.25,FALSE,FALSE,2024-04-30T21:05:23Z,4726,1707,assignment_427843,assignment_427843
6979,FALSE,2,4,0.5,FALSE,FALSE,2024-04-30T21:05:23Z,4726,1708,assignment_427843,assignment_427843
6980,FALSE,2,4,0.5,FALSE,FALSE,2024-04-30T21:05:23Z,4726,1709,assignment_427843,assignment_427843
6981,FALSE,2,4,0.5,FALSE,FALSE,2024-04-30T21:05:23Z,4726,1710,assignment_427843,assignment_427843
6982,TRUE,4,4,1,FALSE,FALSE,2024-04-30T21:05:41Z,19787,1700,assignment_427843,assignment_427843
6983,TRUE,4,4,1,FALSE,FALSE,2024-04-30T21:05:41Z,19787,1701,assignment_427843,assignment_427843
6984,TRUE,4,4,1,FALSE,FALSE,2024-04-30T21:05:41Z,19787,1702,assignment_427843,assignment_427843
6985,TRUE,4,4,1,FALSE,FALSE,2024-04-30T21:05:41Z,19787,1703,assignment_427843,assignment_427843
6986,TRUE,4,4,1,FALSE,FALSE,2024-04-30T21:05:41Z,19787,1704,assignment_427843,assignment_427843
6987,TRUE,4,4,1,FALSE,FALSE,2024-04-30T21:05:42Z,19787,1705,assignment_427843,assignment_427843
6988,TRUE,4,4,1,FALSE,FALSE,2024-04-30T21:05:42Z,19787,1706,assignment_427843,assignment_427843
6989,TRUE,4,4,1,FALSE,FALSE,2024-04-30T21:05:42Z,19787,1707,assignment_427843,assignment_427843
6990,TRUE,4,4,1,FALSE,FALSE,2024-04-30T21:05:42Z,19787,1708,assignment_427843,assignment_427843
6991,TRUE,4,4,1,FALSE,FALSE,2024-04-30T21:05:42Z,19787,1709,assignment_427843,assignment_427843
6992,TRUE,4,4,1,FALSE,FALSE,2024-04-30T21:05:42Z,19787,1710,assignment_427843,assignment_427843
6993,TRUE,4,4,1,FALSE,FALSE,2024-04-30T21:05:59Z,31953,1700,assignment_427843,assignment_427843
6994,TRUE,4,4,1,FALSE,FALSE,2024-04-30T21:05:59Z,31953,1701,assignment_427843,assignment_427843
6995,TRUE,4,4,1,FALSE,FALSE,2024-04-30T21:05:59Z,31953,1702,assignment_427843,assignment_427843
6996,TRUE,4,4,1,FALSE,FALSE,2024-04-30T21:06:00Z,31953,1703,assignment_427843,assignment_427843
6997,TRUE,4,4,1,FALSE,FALSE,2024-04-30T21:06:00Z,31953,1704,assignment_427843,assignment_427843
6998,TRUE,4,4,1,FALSE,FALSE,2024-04-30T21:06:00Z,31953,1705,assignment_427843,assignment_427843
6999,TRUE,4,4,1,FALSE,FALSE,2024-04-30T21:06:00Z,31953,1706,assignment_427843,assignment_427843
7000,TRUE,4,4,1,FALSE,FALSE,2024-04-30T21:06:00Z,31953,1707,assignment_427843,assignment_427843
7001,TRUE,4,4,1,FALSE,FALSE,2024-04-30T21:06:00Z,31953,1708,assignment_427843,assignment_427843
7002,TRUE,4,4,1,FALSE,FALSE,2024-04-30T21:06:00Z,31953,1709,assignment_427843,assignment_427843
7003,TRUE,4,4,1,FALSE,FALSE,2024-04-30T21:06:00Z,31953,1710,assignment_427843,assignment_427843
7004,TRUE,3,4,0.75,FALSE,FALSE,2024-04-30T21:06:44Z,23930,1700,assignment_427843,assignment_427843
7005,TRUE,3,4,0.75,FALSE,FALSE,2024-04-30T21:06:44Z,23930,1701,assignment_427843,assignment_427843
7006,TRUE,4,4,1,FALSE,FALSE,2024-04-30T21:06:44Z,23930,1702,assignment_427843,assignment_427843
7007,TRUE,4,4,1,FALSE,FALSE,2024-04-30T21:06:44Z,23930,1703,assignment_427843,assignment_427843
7008,TRUE,4,4,1,FALSE,FALSE,2024-04-30T21:06:44Z,23930,1704,assignment_427843,assignment_427843
7009,TRUE,4,4,1,FALSE,FALSE,2024-04-30T21:06:44Z,23930,1705,assignment_427843,assignment_427843
7010,TRUE,4,4,1,FALSE,FALSE,2024-04-30T21:06:44Z,23930,1706,assignment_427843,assignment_427843
7011,TRUE,4,4,1,FALSE,FALSE,2024-04-30T21:06:44Z,23930,1707,assignment_427843,assignment_427843
7012,TRUE,3,4,0.75,FALSE,FALSE,2024-04-30T21:06:44Z,23930,1708,assignment_427843,assignment_427843
7013,TRUE,3,4,0.75,FALSE,FALSE,2024-04-30T21:06:44Z,23930,1709,assignment_427843,assignment_427843
7014,TRUE,3,4,0.75,FALSE,FALSE,2024-04-30T21:06:45Z,23930,1710,assignment_427843,assignment_427843
7015,TRUE,4,4,1,FALSE,FALSE,2024-04-30T21:06:58Z,14215,1700,assignment_427843,assignment_427843
7016,TRUE,4,4,1,FALSE,FALSE,2024-04-30T21:06:58Z,14215,1701,assignment_427843,assignment_427843
7017,TRUE,4,4,1,FALSE,FALSE,2024-04-30T21:06:58Z,14215,1702,assignment_427843,assignment_427843
7018,TRUE,4,4,1,FALSE,FALSE,2024-04-30T21:06:58Z,14215,1703,assignment_427843,assignment_427843
7019,TRUE,4,4,1,FALSE,FALSE,2024-04-30T21:06:58Z,14215,1704,assignment_427843,assignment_427843
7020,TRUE,4,4,1,FALSE,FALSE,2024-04-30T21:06:58Z,14215,1705,assignment_427843,assignment_427843
7021,TRUE,4,4,1,FALSE,FALSE,2024-04-30T21:06:59Z,14215,1706,assignment_427843,assignment_427843
7022,TRUE,4,4,1,FALSE,FALSE,2024-04-30T21:06:59Z,14215,1707,assignment_427843,assignment_427843
7023,TRUE,4,4,1,FALSE,FALSE,2024-04-30T21:06:59Z,14215,1708,assignment_427843,assignment_427843
7024,TRUE,4,4,1,FALSE,FALSE,2024-04-30T21:06:59Z,14215,1709,assignment_427843,assignment_427843
7025,TRUE,4,4,1,FALSE,FALSE,2024-04-30T21:06:59Z,14215,1710,assignment_427843,assignment_427843
7026,TRUE,4,4,1,FALSE,FALSE,2024-04-30T21:07:15Z,15623,1700,assignment_427843,assignment_427843
7027,TRUE,4,4,1,FALSE,FALSE,2024-04-30T21:07:15Z,15623,1701,assignment_427843,assignment_427843
7028,TRUE,4,4,1,FALSE,FALSE,2024-04-30T21:07:15Z,15623,1702,assignment_427843,assignment_427843
7029,TRUE,4,4,1,FALSE,FALSE,2024-04-30T21:07:15Z,15623,1703,assignment_427843,assignment_427843
7030,TRUE,4,4,1,FALSE,FALSE,2024-04-30T21:07:15Z,15623,1704,assignment_427843,assignment_427843
7031,TRUE,4,4,1,FALSE,FALSE,2024-04-30T21:07:15Z,15623,1705,assignment_427843,assignment_427843
7032,TRUE,4,4,1,FALSE,FALSE,2024-04-30T21:07:16Z,15623,1706,assignment_427843,assignment_427843
7033,TRUE,4,4,1,FALSE,FALSE,2024-04-30T21:07:16Z,15623,1707,assignment_427843,assignment_427843
7034,TRUE,4,4,1,FALSE,FALSE,2024-04-30T21:07:16Z,15623,1708,assignment_427843,assignment_427843
7035,TRUE,4,4,1,FALSE,FALSE,2024-04-30T21:07:16Z,15623,1709,assignment_427843,assignment_427843
7036,TRUE,4,4,1,FALSE,FALSE,2024-04-30T21:07:16Z,15623,1710,assignment_427843,assignment_427843
