Humidity,Temperature,Label
46.82,27.61,Normal
46.82,27.61,Normal
46.79,27.61,Normal
46.69,27.63,Normal
46.62,27.63,Normal
46.56,27.64,Normal
46.56,27.64,Normal
46.52,27.65,Normal
46.52,27.65,Normal
46.49,27.66,Normal
46.49,27.66,Normal
46.49,27.67,Normal
46.49,27.67,Normal
46.49,27.67,Normal
46.52,27.67,Normal
46.52,27.67,Normal
46.52,27.67,Normal
46.49,27.67,Normal
46.49,27.68,Normal
46.46,27.69,Normal
46.46,27.7,Normal
46.46,27.71,Normal
46.43,27.72,Normal
46.43,27.71,Normal
46.43,27.72,Normal
46.46,27.71,Normal
46.49,27.72,Normal
46.49,27.72,Normal
46.49,27.73,Normal
46.43,27.73,Normal
46.46,27.73,Normal
46.43,27.73,Normal
46.46,27.74,Normal
46.46,27.74,Normal
46.46,27.74,Normal
46.46,27.75,Normal
46.43,27.75,Normal
46.39,27.75,Normal
46.36,27.75,Normal
46.36,27.76,Normal
46.36,27.77,Normal
46.33,27.77,Normal
46.3,27.78,Normal
46.3,27.78,Normal
46.33,27.79,Normal
46.33,27.79,Normal
46.36,27.79,Normal
46.36,27.79,Normal
46.33,27.81,Normal
46.33,27.81,Normal
46.33,27.81,Normal
46.33,27.81,Normal
46.36,27.81,Normal
46.36,27.81,Normal
46.36,27.81,Normal
46.36,27.8,Normal
46.36,27.81,Normal
46.36,27.81,Normal
46.36,27.81,Normal
46.36,27.81,Normal
46.39,27.82,Normal
46.43,27.83,Normal
46.43,27.83,Normal
46.49,27.84,Normal
46.49,27.83,Normal
46.49,27.84,Normal
46.49,27.84,Normal
46.49,27.83,Normal
46.46,27.83,Normal
46.43,27.82,Normal
46.43,27.83,Normal
46.43,27.83,Normal
46.43,27.84,Normal
46.39,27.84,Normal
46.43,27.85,Normal
46.43,27.85,Normal
46.49,27.85,Normal
46.56,27.85,Normal
46.59,27.85,Normal
46.62,27.84,Normal
46.59,27.85,Normal
46.62,27.85,Normal
46.66,27.86,Normal
46.66,27.87,Normal
46.62,27.87,Normal
46.62,27.87,Normal
46.59,27.85,Normal
46.59,27.86,Normal
46.62,27.87,Normal
46.69,27.87,Normal
46.75,27.87,Normal
46.75,27.87,Normal
46.82,27.85,Normal
46.82,27.87,Normal
46.85,27.86,Normal
46.85,27.88,Normal
46.89,27.86,Normal
46.92,27.86,Normal
46.95,27.87,Normal
46.98,27.88,Normal
47.02,27.87,Normal
46.98,27.88,Normal
46.98,27.89,Normal
46.98,27.89,Normal
46.95,27.88,Normal
47.02,27.88,Normal
47.02,27.89,Normal
47.02,27.9,Normal
47.02,27.89,Normal
47.05,27.88,Normal
47.02,27.88,Normal
47.02,27.89,Normal
47.02,27.89,Normal
47.18,27.87,Normal
47.21,27.86,Normal
47.21,27.85,Normal
47.08,27.84,Normal
46.85,27.83,Normal
46.89,27.82,Normal
46.92,27.79,Normal
46.89,27.78,Normal
46.79,27.77,Normal
46.92,27.75,Normal
46.98,27.75,Normal
47.02,27.73,Normal
46.95,27.73,Normal
46.89,27.71,Normal
46.89,27.69,Normal
47.05,27.7,Normal
47.18,27.7,Normal
47.28,27.69,Normal
47.11,27.67,Normal
47.15,27.66,Normal
47.15,27.64,Normal
47.21,27.64,Normal
47.02,27.62,Normal
47.11,27.62,Normal
47.11,27.61,Normal
47.08,27.61,Normal
47.08,27.58,Normal
47.11,27.56,Normal
47.15,27.55,Normal
47.08,27.54,Normal
47.08,27.53,Normal
46.98,27.52,Normal
47.05,27.51,Normal
47.15,27.5,Normal
47.15,27.49,Normal
47.28,27.49,Normal
47.21,27.48,Normal
47.31,27.47,Normal
47.47,27.47,Normal
47.47,27.47,Normal
47.41,27.46,Normal
47.44,27.46,Normal
47.44,27.46,Normal
47.44,27.44,Normal
47.41,27.45,Normal
47.28,27.43,Normal
47.28,27.43,Normal
47.41,27.42,Normal
47.34,27.42,Normal
47.44,27.43,Normal
47.47,27.41,Normal
47.34,27.41,Normal
47.41,27.41,Normal
47.47,27.41,Normal
47.24,27.4,Normal
47.21,27.38,Normal
47.34,27.38,Normal
47.34,27.37,Normal
47.38,27.38,Normal
47.44,27.38,Normal
47.34,27.37,Normal
47.31,27.35,Normal
47.28,27.36,Normal
47.34,27.35,Normal
47.31,27.35,Normal
47.28,27.34,Normal
47.31,27.33,Normal
47.38,27.34,Normal
47.24,27.32,Normal
47.15,27.32,Normal
47.02,27.3,Normal
47.21,27.3,Normal
47.34,27.31,Normal
47.31,27.31,Normal
47.31,27.31,Normal
47.34,27.3,Normal
47.47,27.3,Normal
47.41,27.29,Normal
47.34,27.27,Normal
47.34,27.26,Normal
47.15,27.25,Normal
47.15,27.24,Normal
47.24,27.25,Normal
47.34,27.25,Normal
47.18,27.24,Normal
47.21,27.25,Normal
47.21,27.25,Normal
47.34,27.25,Normal
47.18,27.23,Normal
47.21,27.23,Normal
47.08,27.24,Normal
47.15,27.22,Normal
47.02,27.22,Normal
47.15,27.22,Normal
47.11,27.21,Normal
47.11,27.21,Normal
47.08,27.2,Normal
47.02,27.17,Normal
47.15,27.19,Normal
47.15,27.18,Normal
47.21,27.17,Normal
47.15,27.17,Normal
47.31,27.17,Normal
47.24,27.17,Normal
47.05,27.17,Normal
46.92,27.15,Normal
47.02,27.16,Normal
47.08,27.15,Normal
47.15,27.16,Normal
47.28,27.16,Normal
47.15,27.15,Normal
47.21,27.15,Normal
47.08,27.13,Normal
47.11,27.15,Normal
47.18,27.15,Normal
47.24,27.14,Normal
47.28,27.13,Normal
47.28,27.14,Normal
47.28,27.13,Normal
47.24,27.13,Normal
47.31,27.13,Normal
47.21,27.11,Normal
47.05,27.08,Normal
46.95,27.09,Normal
47.15,27.11,Normal
47.05,27.09,Normal
47.02,27.07,Normal
47.02,27.08,Normal
47.15,27.11,Normal
47.15,27.11,Normal
47.24,27.11,Normal
47.21,27.12,Normal
47.15,27.13,Normal
47.08,27.13,Normal
46.89,27.12,Normal
46.79,27.09,Normal
46.95,27.09,Normal
46.75,27.05,Normal
46.95,27.04,Normal
47.15,27.05,Normal
47.21,27.06,Normal
47.34,27.07,Normal
47.31,27.07,Normal
47.18,27.05,Normal
47.15,27.04,Normal
47.11,27.04,Normal
47.18,27.04,Normal
47.08,27.03,Normal
47.24,27.04,Normal
47.44,27.06,Normal
47.31,27.07,Normal
47.15,27.06,Normal
47.08,27.06,Normal
47.02,27.04,Normal
47.15,27.05,Normal
47.31,27.06,Normal
47.28,27.06,Normal
47.28,27.07,Normal
47.28,27.06,Normal
47.21,27.07,Normal
47.15,27.06,Normal
47.15,27.06,Normal
47.15,27.06,Normal
47.02,27.05,Normal
47.08,27.06,Normal
47.08,27.05,Normal
47.02,27.06,Normal
46.95,27.04,Normal
47.02,27.05,Normal
46.92,27.05,Normal
46.92,27.05,Normal
46.75,27.03,Normal
46.82,27.03,Normal
46.82,27.04,Normal
46.89,27.03,Normal
46.95,27.03,Normal
46.85,27.02,Normal
46.95,27.03,Normal
46.75,27,Normal
46.89,27.01,Normal
46.95,27.01,Normal
46.98,27.01,Normal
46.89,27.01,Normal
46.89,27.02,Normal
47.02,27.02,Normal
47.05,27.03,Normal
46.89,27,Normal
46.95,27.02,Normal
47.02,27.01,Normal
46.89,27.01,Normal
46.89,27.01,Normal
46.89,27,Normal
46.82,26.99,Normal
46.79,27,Normal
46.82,26.97,Normal
46.92,26.98,Normal
46.92,26.97,Normal
47.02,26.98,Normal
47.05,26.99,Normal
47.11,27,Normal
47.11,26.97,Normal
47.18,26.98,Normal
47.34,26.98,Normal
47.41,26.98,Normal
47.44,26.98,Normal
47.64,26.98,Normal
47.9,26.96,Normal
47.44,26.98,Normal
47.28,26.97,Normal
46.89,26.98,Normal
46.79,26.99,Normal
46.82,27.01,Normal
47.05,27.02,Normal
47.28,27.03,Normal
47.38,27.04,Normal
47.24,27.05,Normal
47.21,27.07,Normal
47.18,27.08,Normal
47.15,27.1,Normal
47.15,27.11,Normal
47.18,27.13,Normal
47.15,27.15,Normal
47.18,27.16,Normal
47.11,27.17,Normal
46.95,27.19,Normal
46.82,27.21,Normal
46.72,27.21,Normal
46.62,27.23,Normal
46.52,27.25,Normal
46.43,27.26,Normal
46.36,27.28,Normal
46.33,27.29,Normal
46.3,27.3,Normal
46.26,27.31,Normal
46.23,27.31,Normal
46.23,27.32,Normal
46.23,27.34,Normal
46.23,27.35,Normal
46.26,27.37,Normal
46.33,27.36,Normal
46.46,27.38,Normal
46.49,27.39,Normal
46.52,27.4,Normal
46.56,27.39,Normal
46.62,27.41,Normal
46.56,27.41,Normal
46.56,27.44,Normal
46.56,27.45,Normal
46.52,27.44,Normal
46.52,27.46,Normal
46.56,27.45,Normal
46.69,27.47,Normal
46.72,27.49,Normal
46.66,27.49,Normal
46.62,27.5,Normal
46.56,27.5,Normal
46.62,27.52,Normal
46.59,27.52,Normal
46.59,27.53,Normal
46.59,27.53,Normal
46.62,27.54,Normal
46.66,27.54,Normal
46.62,27.56,Normal
46.62,27.56,Normal
46.66,27.56,Normal
46.69,27.58,Normal
46.69,27.58,Normal
46.69,27.59,Normal
46.69,27.6,Normal
46.69,27.59,Normal
46.69,27.61,Normal
46.69,27.61,Normal
46.69,27.62,Normal
46.66,27.61,Normal
46.66,27.63,Normal
46.62,27.62,Normal
46.62,27.64,Normal
46.62,27.63,Normal
46.62,27.66,Normal
46.62,27.65,Normal
46.79,27.61,Normal
46.85,27.62,Normal
46.89,27.62,Normal
47.02,27.62,Normal
47.24,27.62,Normal
47.34,27.65,Normal
47.31,27.64,Normal
47.21,27.64,Normal
47.05,27.63,Normal
46.89,27.63,Normal
46.82,27.64,Normal
46.89,27.64,Normal
46.95,27.65,Normal
46.95,27.64,Normal
46.89,27.66,Normal
46.92,27.67,Normal
46.95,27.69,Normal
46.95,27.69,Normal
46.95,27.69,Normal
46.95,27.68,Normal
46.89,27.68,Normal
46.82,27.68,Normal
46.75,27.69,Normal
46.75,27.69,Normal
46.75,27.68,Normal
46.75,27.69,Normal
46.72,27.69,Normal
46.69,27.69,Normal
46.69,27.71,Normal
46.66,27.71,Normal
46.62,27.73,Normal
46.62,27.72,Normal
46.62,27.73,Normal
46.56,27.74,Normal
46.62,27.74,Normal
46.62,27.73,Normal
46.62,27.75,Normal
46.62,27.76,Normal
46.62,27.75,Normal
46.62,27.74,Normal
46.62,27.75,Normal
46.62,27.75,Normal
46.66,27.75,Normal
46.62,27.75,Normal
46.62,27.74,Normal
46.62,27.75,Normal
46.59,27.74,Normal
46.66,27.75,Normal
46.69,27.75,Normal
46.69,27.74,Normal
46.69,27.75,Normal
46.75,27.74,Normal
46.79,27.75,Normal
46.79,27.75,Normal
46.75,27.75,Normal
47.41,27.74,Normal
47.6,27.75,Normal
47.6,27.73,Normal
47.6,27.74,Normal
47.57,27.74,Normal
47.24,27.75,Normal
47.02,27.76,Normal
46.95,27.76,Normal
47.08,27.75,Normal
47.18,27.73,Normal
47.21,27.72,Normal
47.15,27.72,Normal
47.15,27.71,Normal
47.21,27.71,Normal
47.24,27.71,Normal
47.28,27.72,Normal
47.28,27.73,Normal
47.28,27.75,Normal
47.28,27.75,Normal
47.31,27.77,Normal
47.28,27.77,Normal
47.31,27.79,Normal
47.24,27.78,Normal
47.21,27.75,Normal
47.47,27.74,Normal
47.41,27.74,Normal
47.44,27.71,Normal
47.41,27.71,Normal
47.34,27.69,Normal
47.44,27.68,Normal
47.47,27.67,Normal
47.38,27.66,Normal
47.28,27.66,Normal
47.31,27.65,Normal
47.24,27.65,Normal
47.15,27.63,Normal
47.21,27.62,Normal
47.15,27.57,Normal
47.18,27.58,Normal
46.95,27.54,Normal
46.95,27.52,Normal
47.15,27.53,Normal
47.28,27.51,Normal
47.21,27.48,Normal
47.11,27.45,Normal
47.21,27.43,Normal
47.31,27.42,Normal
47.41,27.41,Normal
47.38,27.4,Normal
47.34,27.38,Normal
47.24,27.36,Normal
47.21,27.35,Normal
47.31,27.34,Normal
47.34,27.32,Normal
47.18,27.3,Normal
47.24,27.27,Normal
47.24,27.27,Normal
47.28,27.25,Normal
47.18,27.23,Normal
47.21,27.2,Normal
47.21,27.18,Normal
47.28,27.17,Normal
47.34,27.15,Normal
47.28,27.12,Normal
47.34,27.1,Normal
47.38,27.1,Normal
47.38,27.07,Normal
47.41,27.07,Normal
47.41,27.04,Normal
47.44,27.03,Normal
47.47,27.02,Normal
47.41,27,Normal
47.34,26.95,Normal
47.34,26.95,Normal
47.38,26.94,Normal
47.44,26.93,Normal
47.34,26.91,Normal
47.41,26.91,Normal
47.41,26.88,Normal
47.44,26.89,Normal
47.38,26.83,Normal
47.41,26.82,Normal
47.57,26.83,Normal
47.54,26.79,Normal
47.54,26.79,Normal
47.54,26.79,Normal
47.57,26.78,Normal
47.6,26.77,Normal
47.6,26.76,Normal
47.6,26.76,Normal
47.57,26.75,Normal
47.54,26.75,Normal
47.44,26.74,Normal
47.41,26.73,Normal
47.41,26.71,Normal
47.47,26.68,Normal
47.47,26.67,Normal
47.54,26.66,Normal
47.47,26.64,Normal
47.57,26.63,Normal
47.6,26.64,Normal
47.6,26.63,Normal
47.64,26.63,Normal
47.57,26.62,Normal
47.57,26.59,Normal
47.6,26.59,Normal
47.6,26.58,Normal
47.67,26.58,Normal
47.6,26.6,Normal
47.6,26.58,Normal
47.54,26.57,Normal
47.47,26.56,Normal
47.47,26.54,Normal
47.47,26.53,Normal
47.47,26.54,Normal
47.38,26.53,Normal
47.34,26.51,Normal
47.47,26.51,Normal
47.44,26.48,Normal
47.47,26.5,Normal
47.47,26.47,Normal
47.51,26.48,Normal
47.57,26.47,Normal
47.57,26.45,Normal
47.64,26.43,Normal
47.7,26.43,Normal
47.73,26.43,Normal
47.67,26.43,Normal
47.64,26.4,Normal
47.6,26.4,Normal
47.64,26.41,Normal
47.64,26.43,Normal
47.57,26.41,Normal
47.54,26.41,Normal
47.47,26.39,Normal
47.57,26.38,Normal
47.54,26.38,Normal
47.57,26.38,Normal
47.54,26.39,Normal
47.47,26.39,Normal
47.6,26.39,Normal
47.6,26.4,Normal
47.64,26.39,Normal
47.54,26.35,Normal
47.47,26.34,Normal
47.6,26.34,Normal
47.6,26.33,Normal
47.64,26.34,Normal
47.64,26.31,Normal
47.6,26.32,Normal
47.6,26.31,Normal
47.57,26.3,Normal
47.47,26.31,Normal
47.51,26.31,Normal
47.47,26.32,Normal
47.41,26.32,Normal
47.44,26.3,Normal
47.47,26.3,Normal
47.44,26.3,Normal
47.38,26.27,Normal
47.44,26.25,Normal
47.47,26.26,Normal
47.47,26.25,Normal
47.47,26.23,Normal
47.57,26.23,Normal
47.57,26.22,Normal
47.57,26.21,Normal
47.6,26.21,Normal
47.6,26.19,Normal
47.54,26.19,Normal
47.54,26.17,Normal
47.44,26.18,Normal
47.54,26.19,Normal
47.51,26.19,Normal
47.41,26.18,Normal
47.41,26.18,Normal
47.34,26.15,Normal
47.41,26.16,Normal
47.44,26.17,Normal
47.44,26.18,Normal
47.41,26.17,Normal
47.38,26.14,Normal
47.47,26.15,Normal
47.57,26.15,Normal
47.77,26.16,Normal
47.86,26.16,Normal
48.29,26.16,Normal
48.45,26.15,Normal
48.68,26.15,Normal
48.84,26.16,Normal
48.77,26.17,Normal
48.84,26.17,Normal
49,26.17,Normal
49.1,26.18,Normal
49,26.19,Normal
48.97,26.22,Normal
48.9,26.23,Normal
48.64,26.25,Normal
48.35,26.27,Normal
48.22,26.27,Normal
48.19,26.29,Normal
48.12,26.31,Normal
48.03,26.33,Normal
47.86,26.36,Normal
47.8,26.37,Normal
47.73,26.39,Normal
47.6,26.44,Normal
47.47,26.45,Normal
47.41,26.47,Normal
47.38,26.5,Normal
47.34,26.51,Normal
47.28,26.53,Normal
47.21,26.55,Normal
47.21,26.58,Normal
47.18,26.61,Normal
47.21,26.61,Normal
47.15,26.64,Normal
47.15,26.65,Normal
47.15,26.67,Normal
47.11,26.69,Normal
47.08,26.72,Normal
47.08,26.72,Normal
47.02,26.73,Normal
46.98,26.74,Normal
46.95,26.76,Normal
46.95,26.78,Normal
46.89,26.8,Normal
46.85,26.82,Normal
46.79,26.83,Normal
46.79,26.84,Normal
46.82,26.85,Normal
46.82,26.87,Normal
46.82,26.89,Normal
46.75,26.9,Normal
46.72,26.91,Normal
46.66,26.92,Normal
46.62,26.95,Normal
46.59,26.95,Normal
46.56,26.97,Normal
46.52,26.97,Normal
46.49,26.99,Normal
46.49,26.99,Normal
46.46,27.01,Normal
46.43,27.02,Normal
46.43,27.01,Normal
46.43,27.02,Normal
46.46,27.02,Normal
46.46,27.03,Normal
46.46,27.05,Normal
46.43,27.07,Normal
46.39,27.07,Normal
46.36,27.07,Normal
46.33,27.09,Normal
46.3,27.09,Normal
46.23,27.11,Normal
46.23,27.11,Normal
46.16,27.13,Normal
46.16,27.13,Normal
46.16,27.14,Normal
46.16,27.15,Normal
46.16,27.16,Normal
46.2,27.17,Normal
46.16,27.16,Normal
46.16,27.17,Normal
46.16,27.17,Normal
46.1,27.18,Normal
46.07,27.17,Normal
46.1,27.19,Normal
46.03,27.2,Normal
46.07,27.21,Normal
46.03,27.21,Normal
46.03,27.23,Normal
46,27.22,Normal
46.03,27.22,Normal
46.03,27.23,Normal
45.97,27.24,Normal
45.97,27.24,Normal
45.93,27.26,Normal
45.93,27.25,Normal
45.93,27.26,Normal
45.97,27.27,Normal
45.93,27.27,Normal
45.97,27.27,Normal
45.93,27.29,Normal
45.9,27.28,Normal
45.93,27.28,Normal
45.93,27.28,Normal
45.97,27.29,Normal
45.97,27.29,Normal
45.97,27.3,Normal
45.97,27.31,Normal
45.97,27.32,Normal
45.97,27.32,Normal
45.97,27.34,Normal
46,27.33,Normal
45.97,27.34,Normal
45.97,27.35,Normal
45.97,27.33,Normal
45.97,27.35,Normal
46,27.37,Normal
46.03,27.35,Normal
46.16,27.35,Normal
46.2,27.35,Normal
46.2,27.37,Normal
46.23,27.36,Normal
46.23,27.35,Normal
46.23,27.37,Normal
46.3,27.36,Normal
46.36,27.37,Normal
46.39,27.38,Normal
46.36,27.37,Normal
46.39,27.37,Normal
46.39,27.38,Normal
46.43,27.38,Normal
46.43,27.39,Normal
46.56,27.39,Normal
46.62,27.39,Normal
46.69,27.4,Normal
46.69,27.4,Normal
46.79,27.38,Normal
46.98,27.36,Normal
47.18,27.35,Normal
47.08,27.34,Normal
47.11,27.33,Normal
46.79,27.32,Normal
46.69,27.32,Normal
46.56,27.31,Normal
46.43,27.29,Normal
46.43,27.28,Normal
46.43,27.25,Normal
46.52,27.24,Normal
46.49,27.23,Normal
46.49,27.2,Normal
46.52,27.2,Normal
46.56,27.19,Normal
46.69,27.19,Normal
46.69,27.17,Normal
46.59,27.14,Normal
46.56,27.12,Normal
46.62,27.08,Normal
46.66,27.05,Normal
46.72,27.05,Normal
46.72,27.01,Normal
46.82,26.99,Normal
46.82,26.95,Normal
46.85,26.94,Normal
46.82,26.93,Normal
46.75,26.89,Normal
46.75,26.88,Normal
46.75,26.87,Normal
46.82,26.85,Normal
46.89,26.83,Normal
46.89,26.82,Normal
46.85,26.8,Normal
46.85,26.77,Normal
46.75,26.75,Normal
46.75,26.72,Normal
46.82,26.69,Normal
46.95,26.69,Normal
46.95,26.68,Normal
47.02,26.67,Normal
47.08,26.65,Normal
47.11,26.64,Normal
47.08,26.63,Normal
47.08,26.62,Normal
47.15,26.6,Normal
47.05,26.59,Normal
47.02,26.57,Normal
47.05,26.56,Normal
47.08,26.55,Normal
47.15,26.53,Normal
47.21,26.53,Normal
47.08,26.5,Normal
47.11,26.48,Normal
47.11,26.48,Normal
47.15,26.46,Normal
47.34,26.45,Normal
47.28,26.44,Normal
47.28,26.42,Normal
47.31,26.41,Normal
47.34,26.43,Normal
47.41,26.44,Normal
47.41,26.44,Normal
47.34,26.45,Normal
47.28,26.41,Normal
47.34,26.41,Normal
47.34,26.4,Normal
47.21,26.39,Normal
47.21,26.38,Normal
47.24,26.37,Normal
47.18,26.35,Normal
47.08,26.33,Normal
47.05,26.29,Normal
47.08,26.28,Normal
47.08,26.27,Normal
47.15,26.28,Normal
47.21,26.27,Normal
47.38,26.28,Normal
47.31,26.27,Normal
47.34,26.26,Normal
47.34,26.26,Normal
47.44,26.26,Normal
47.47,26.26,Normal
47.47,26.27,Normal
47.41,26.26,Normal
47.44,26.25,Normal
47.41,26.24,Normal
47.24,26.22,Normal
47.31,26.21,Normal
47.34,26.21,Normal
47.31,26.21,Normal
47.21,26.22,Normal
47.21,26.19,Normal
47.21,26.21,Normal
47.15,26.21,Normal
47.21,26.19,Normal
47.21,26.19,Normal
47.21,26.19,Normal
47.31,26.17,Normal
47.34,26.17,Normal
47.38,26.18,Normal
47.41,26.17,Normal
47.34,26.17,Normal
47.31,26.16,Normal
47.31,26.16,Normal
47.11,26.11,Normal
47.21,26.11,Normal
47.15,26.08,Normal
47.31,26.09,Normal
47.21,26.08,Normal
47.28,26.07,Normal
47.24,26.07,Normal
47.24,26.06,Normal
47.21,26.06,Normal
47.18,26.05,Normal
47.28,26.05,Normal
47.28,26.05,Normal
47.34,26.05,Normal
47.28,26.04,Normal
47.28,26.03,Normal
47.31,26.04,Normal
47.34,26.02,Normal
47.34,26.01,Normal
47.44,26.03,Normal
47.38,26,Normal
47.38,26.01,Normal
47.41,26.01,Normal
47.38,26.01,Normal
47.34,26.01,Normal
47.38,26.01,Normal
47.28,26.01,Normal
47.24,25.99,Normal
47.24,26,Normal
47.24,25.97,Normal
47.34,25.99,Normal
47.31,25.97,Normal
47.41,25.97,Normal
47.34,25.97,Normal
47.38,25.99,Normal
47.34,25.98,Normal
47.34,25.96,Normal
47.34,25.95,Normal
47.34,25.94,Normal
47.34,25.95,Normal
47.34,25.93,Normal
47.34,25.93,Normal
47.31,25.93,Normal
47.31,25.95,Normal
47.28,25.94,Normal
47.24,25.93,Normal
47.31,25.94,Normal
47.34,25.94,Normal
47.28,25.94,Normal
47.34,25.94,Normal
47.34,25.95,Normal
47.28,25.94,Normal
47.24,25.94,Normal
47.24,25.97,Normal
47.31,25.95,Normal
47.6,25.94,Normal
47.67,25.95,Normal
47.77,25.95,Normal
47.9,25.94,Normal
47.93,25.95,Normal
48.19,25.94,Normal
48.58,25.95,Normal
48.77,25.93,Normal
48.74,25.95,Normal
48.81,25.95,Normal
48.77,25.97,Normal
49.19,25.99,Normal
48.97,26.01,Normal
48.58,26.01,Normal
48.38,26.04,Normal
48.29,26.05,Normal
48.06,26.07,Normal
47.86,26.09,Normal
47.7,26.12,Normal
47.6,26.13,Normal
47.47,26.16,Normal
47.41,26.17,Normal
47.34,26.2,Normal
47.24,26.21,Normal
47.18,26.23,Normal
47.18,26.26,Normal
47.18,26.27,Normal
47.18,26.3,Normal
47.15,26.31,Normal
47.08,26.33,Normal
47.08,26.35,Normal
47.02,26.37,Normal
46.98,26.4,Normal
46.92,26.42,Normal
46.85,26.43,Normal
46.82,26.45,Normal
46.75,26.48,Normal
46.72,26.5,Normal
46.69,26.51,Normal
46.66,26.52,Normal
46.62,26.54,Normal
46.62,26.55,Normal
46.62,26.56,Normal
46.56,26.57,Normal
46.56,26.59,Normal
46.49,26.6,Normal
46.49,26.61,Normal
46.43,26.63,Normal
46.43,26.64,Normal
46.39,26.66,Normal
46.36,26.67,Normal
46.36,26.68,Normal
46.3,26.68,Normal
46.26,26.7,Normal
46.23,26.71,Normal
46.2,26.72,Normal
46.16,26.74,Normal
46.16,26.75,Normal
46.13,26.76,Normal
46.13,26.75,Normal
46.13,26.77,Normal
46.1,26.78,Normal
46.1,26.78,Normal
46.1,26.79,Normal
46.1,26.81,Normal
46.07,26.81,Normal
46.03,26.81,Normal
46.03,26.82,Normal
46.03,26.83,Normal
46.03,26.84,Normal
46.03,26.86,Normal
46.03,26.86,Normal
46.03,26.87,Normal
46.03,26.88,Normal
45.97,26.89,Normal
45.97,26.89,Normal
45.97,26.91,Normal
45.93,26.91,Normal
45.93,26.92,Normal
45.9,26.93,Normal
45.87,26.93,Normal
45.9,26.94,Normal
45.87,26.95,Normal
45.87,26.94,Normal
45.9,26.95,Normal
45.87,26.95,Normal
45.87,26.96,Normal
45.84,26.97,Normal
45.84,26.97,Normal
45.8,26.98,Normal
45.77,26.98,Normal
45.77,26.98,Normal
45.7,26.99,Normal
45.74,26.99,Normal
45.74,27.01,Normal
45.7,27.01,Normal
45.7,27.02,Normal
45.7,27.03,Normal
45.7,27.03,Normal
45.7,27.03,Normal
45.7,27.04,Normal
45.7,27.05,Normal
45.7,27.05,Normal
45.7,27.05,Normal
45.7,27.05,Normal
45.7,27.05,Normal
45.7,27.06,Normal
45.7,27.05,Normal
45.7,27.06,Normal
45.7,27.07,Normal
45.77,27.07,Normal
45.77,27.07,Normal
45.84,27.08,Normal
45.84,27.1,Normal
45.84,27.11,Normal
45.84,27.11,Normal
45.8,27.12,Normal
45.77,27.13,Normal
45.77,27.13,Normal
45.77,27.13,Normal
45.8,27.14,Normal
45.8,27.13,Normal
45.84,27.13,Normal
45.84,27.13,Normal
45.84,27.13,Normal
45.84,27.13,Normal
45.84,27.13,Normal
45.84,27.13,Normal
45.84,27.13,Normal
45.87,27.14,Normal
45.9,27.14,Normal
45.9,27.15,Normal
45.9,27.14,Normal
45.9,27.15,Normal
45.97,27.16,Normal
45.97,27.17,Normal
46.03,27.17,Normal
46.03,27.18,Normal
46.03,27.17,Normal
46.07,27.18,Normal
46.1,27.19,Normal
46.1,27.19,Normal
46.1,27.19,Normal
46.16,27.18,Normal
46.23,27.19,Normal
46.3,27.19,Normal
46.3,27.2,Normal
46.36,27.19,Normal
46.43,27.19,Normal
46.49,27.19,Normal
46.46,27.19,Normal
46.49,27.2,Normal
46.46,27.21,Normal
46.46,27.21,Normal
46.43,27.21,Normal
46.43,27.22,Normal
46.43,27.23,Normal
46.49,27.23,Normal
46.52,27.23,Normal
46.49,27.2,Normal
46.62,27.2,Normal
46.62,27.18,Normal
46.66,27.17,Normal
46.62,27.15,Normal
46.49,27.15,Normal
46.36,27.14,Normal
46.2,27.14,Normal
46.03,27.12,Normal
46.1,27.1,Normal
46.23,27.09,Normal
46.23,27.07,Normal
46.23,27.04,Normal
46.43,27.03,Normal
46.43,27.02,Normal
46.49,27,Normal
46.52,26.99,Normal
46.36,26.97,Normal
46.43,26.97,Normal
46.52,26.97,Normal
46.52,26.95,Normal
46.56,26.91,Normal
46.56,26.9,Normal
46.56,26.88,Normal
46.56,26.85,Normal
46.49,26.8,Normal
46.66,26.77,Normal
46.72,26.77,Normal
46.72,26.76,Normal
46.72,26.73,Normal
46.69,26.71,Normal
46.75,26.69,Normal
46.79,26.67,Normal
46.75,26.65,Normal
46.82,26.64,Normal
46.75,26.62,Normal
46.79,26.61,Normal
46.69,26.59,Normal
46.82,26.59,Normal
46.82,26.56,Normal
46.85,26.56,Normal
46.95,26.55,Normal
46.98,26.51,Normal
47.02,26.51,Normal
46.95,26.49,Normal
46.95,26.48,Normal
46.95,26.47,Normal
46.98,26.45,Normal
46.95,26.43,Normal
46.95,26.41,Normal
46.95,26.4,Normal
46.92,26.38,Normal
46.82,26.35,Normal
46.85,26.33,Normal
46.95,26.31,Normal
46.89,26.31,Normal
46.89,26.31,Normal
46.92,26.31,Normal
46.95,26.3,Normal
47.02,26.29,Normal
46.95,26.25,Normal
46.98,26.24,Normal
47.05,26.22,Normal
47.05,26.22,Normal
47.08,26.21,Normal
47.18,26.19,Normal
47.24,26.19,Normal
47.24,26.18,Normal
47.21,26.15,Normal
47.24,26.16,Normal
47.31,26.16,Normal
47.21,26.15,Normal
47.15,26.13,Normal
47.11,26.11,Normal
46.95,26.09,Normal
46.95,26.09,Normal
47.05,26.08,Normal
47.08,26.09,Normal
47.18,26.1,Normal
47.24,26.09,Normal
47.24,26.09,Normal
47.28,26.08,Normal
47.28,26.08,Normal
47.28,26.08,Normal
47.24,26.06,Normal
47.18,26.03,Normal
47.21,26,Normal
47.28,26.01,Normal
47.24,26.01,Normal
47.18,26.01,Normal
47.11,25.99,Normal
47.21,25.98,Normal
47.18,25.99,Normal
47.15,25.99,Normal
47.18,25.99,Normal
47.15,25.99,Normal
47.21,25.99,Normal
47.11,25.99,Normal
47.08,26,Normal
47.05,25.97,Normal
47.05,25.95,Normal
47.11,25.93,Normal
47.18,25.91,Normal
47.18,25.9,Normal
47.15,25.87,Normal
47.18,25.87,Normal
47.21,25.87,Normal
47.21,25.87,Normal
47.24,25.89,Normal
47.21,25.89,Normal
47.15,25.9,Normal
47.11,25.9,Normal
47.05,25.89,Normal
47.02,25.89,Normal
47.08,25.87,Normal
47.08,25.88,Normal
47.02,25.89,Normal
47.02,25.89,Normal
47.02,25.88,Normal
47.08,25.87,Normal
47.11,25.87,Normal
47.08,25.85,Normal
47.08,25.86,Normal
47.11,25.84,Normal
47.11,25.84,Normal
47.11,25.85,Normal
47.11,25.84,Normal
47.15,25.83,Normal
47.08,25.83,Normal
47.08,25.83,Normal
47.02,25.85,Normal
46.85,25.81,Normal
46.95,25.81,Normal
47.02,25.81,Normal
47.02,25.81,Normal
47.02,25.83,Normal
47.02,25.81,Normal
47.02,25.79,Normal
47.02,25.78,Normal
47.08,25.77,Normal
47.08,25.78,Normal
47.11,25.77,Normal
47.15,25.77,Normal
47.08,25.77,Normal
47.08,25.75,Normal
47.15,25.75,Normal
47.21,25.77,Normal
47.28,25.78,Normal
47.38,25.78,Normal
47.54,25.79,Normal
47.83,25.78,Normal
47.93,25.77,Normal
48.29,25.75,Normal
48.35,25.77,Normal
48.48,25.77,Normal
48.58,25.77,Normal
48.84,25.77,Normal
48.55,25.79,Normal
48.58,25.79,Normal
48.68,25.8,Normal
48.45,25.83,Normal
48.32,25.85,Normal
47.99,25.87,Normal
47.73,25.88,Normal
47.6,25.9,Normal
47.54,25.91,Normal
47.47,25.93,Normal
47.41,25.95,Normal
47.31,25.96,Normal
47.31,25.99,Normal
47.28,26.01,Normal
47.28,26.04,Normal
47.21,26.06,Normal
47.15,26.07,Normal
47.05,26.09,Normal
46.95,26.13,Normal
46.92,26.15,Normal
46.89,26.17,Normal
46.82,26.19,Normal
46.79,26.21,Normal
46.75,26.23,Normal
46.72,26.25,Normal
46.69,26.27,Normal
46.69,26.28,Normal
46.66,26.31,Normal
46.62,26.31,Normal
46.59,26.33,Normal
46.56,26.35,Normal
46.56,26.35,Normal
46.49,26.37,Normal
46.46,26.39,Normal
46.43,26.4,Normal
46.46,26.42,Normal
46.43,26.42,Normal
46.43,26.44,Normal
46.36,26.47,Normal
46.33,26.47,Normal
46.3,26.48,Normal
46.3,26.5,Normal
46.26,26.51,Normal
46.33,26.52,Normal
46.33,26.53,Normal
46.33,26.55,Normal
46.33,26.56,Normal
46.33,26.55,Normal
46.3,26.57,Normal
46.3,26.59,Normal
46.23,26.59,Normal
46.23,26.6,Normal
46.16,26.6,Normal
46.13,26.62,Normal
46.1,26.61,Normal
46.03,26.63,Normal
46.03,26.63,Normal
45.97,26.65,Normal
45.97,26.66,Normal
45.97,26.66,Normal
45.93,26.68,Normal
45.9,26.69,Normal
45.9,26.71,Normal
45.84,26.7,Normal
45.77,26.71,Normal
45.77,26.71,Normal
45.77,26.73,Normal
45.7,26.73,Normal
45.7,26.73,Normal
45.74,26.75,Normal
45.7,26.74,Normal
45.74,26.75,Normal
45.74,26.75,Normal
45.74,26.76,Normal
45.7,26.78,Normal
45.7,26.79,Normal
45.74,26.79,Normal
45.74,26.8,Normal
45.77,26.81,Normal
45.74,26.81,Normal
45.74,26.83,Normal
45.7,26.83,Normal
45.7,26.84,Normal
45.7,26.84,Normal
45.67,26.85,Normal
45.67,26.85,Normal
45.64,26.85,Normal
45.64,26.86,Normal
45.6,26.87,Normal
45.6,26.87,Normal
45.57,26.88,Normal
45.6,26.89,Normal
45.57,26.89,Normal
45.57,26.89,Normal
45.57,26.89,Normal
45.57,26.91,Normal
45.57,26.92,Normal
45.64,26.91,Normal
45.64,26.92,Normal
45.64,26.91,Normal
45.67,26.93,Normal
45.67,26.92,Normal
45.67,26.93,Normal
45.7,26.92,Normal
45.7,26.93,Normal
45.7,26.93,Normal
45.7,26.93,Normal
45.67,26.94,Normal
45.67,26.93,Normal
45.7,26.94,Normal
45.8,26.93,Normal
45.97,26.94,Normal
46,26.93,Normal
45.93,26.95,Normal
45.87,26.96,Normal
45.8,26.96,Normal
45.77,26.98,Normal
45.77,26.98,Normal
45.8,26.98,Normal
45.8,26.98,Normal
45.77,26.99,Normal
45.77,27.01,Normal
45.7,27.01,Normal
45.67,27.01,Normal
45.64,27.02,Normal
45.64,27.03,Normal
45.7,27.04,Normal
45.7,27.03,Normal
45.74,27.03,Normal
45.8,27.04,Normal
45.77,27.04,Normal
45.77,27.04,Normal
45.84,27.04,Normal
45.84,27.04,Normal
45.84,27.04,Normal
45.84,27.05,Normal
45.77,27.04,Normal
45.74,27.05,Normal
45.7,27.05,Normal
45.77,27.06,Normal
45.84,27.06,Normal
45.84,27.07,Normal
45.84,27.07,Normal
45.8,27.08,Normal
45.77,27.07,Normal
45.77,27.07,Normal
45.8,27.08,Normal
45.84,27.08,Normal
45.84,27.07,Normal
45.84,27.07,Normal
45.77,27.09,Normal
45.8,27.08,Normal
45.87,27.08,Normal
45.9,27.08,Normal
45.93,27.08,Normal
45.9,27.09,Normal
45.9,27.1,Normal
45.9,27.1,Normal
45.87,27.08,Normal
46,27.06,Normal
46,27.05,Normal
46.03,27.05,Normal
46.03,27.05,Normal
46.1,27.03,Normal
46.13,27.04,Normal
46.16,27.03,Normal
46.2,27.04,Normal
46.2,27.03,Normal
46.2,27.04,Normal
46.2,27.05,Normal
46.2,27.05,Normal
46.23,27.05,Normal
46.23,27.06,Normal
46.23,27.08,Normal
46.23,27.08,Normal
46.3,27.08,Normal
46.36,27.08,Normal
46.33,27.05,Normal
46.36,27.04,Normal
46.43,27.03,Normal
46.43,27.04,Normal
46.3,27.01,Normal
46.3,27,Normal
46.33,27,Normal
46.3,27,Normal
46.3,26.98,Normal
46.2,26.97,Normal
46.16,26.94,Normal
46.23,26.92,Normal
46.26,26.91,Normal
46.3,26.89,Normal
46.26,26.88,Normal
46.36,26.86,Normal
46.36,26.84,Normal
46.3,26.83,Normal
46.3,26.81,Normal
46.26,26.79,Normal
46.2,26.76,Normal
46.23,26.73,Normal
46.23,26.71,Normal
46.23,26.67,Normal
46.3,26.67,Normal
46.33,26.65,Normal
46.3,26.63,Normal
46.3,26.62,Normal
46.3,26.6,Normal
46.3,26.58,Normal
46.39,26.57,Normal
46.36,26.54,Normal
46.33,26.53,Normal
46.3,26.51,Normal
46.3,26.49,Normal
46.23,26.46,Normal
46.33,26.45,Normal
46.39,26.43,Normal
46.43,26.41,Normal
46.43,26.38,Normal
46.49,26.37,Normal
46.56,26.35,Normal
46.69,26.35,Normal
46.62,26.33,Normal
46.49,26.32,Normal
46.49,26.3,Normal
46.46,26.28,Normal
46.36,26.25,Normal
46.52,26.25,Normal
46.52,26.25,Normal
46.36,26.22,Normal
46.43,26.21,Normal
46.36,26.19,Normal
46.33,26.15,Normal
46.43,26.13,Normal
46.56,26.14,Normal
46.49,26.11,Normal
46.62,26.11,Normal
46.72,26.11,Normal
46.75,26.08,Normal
46.79,26.09,Normal
46.79,26.1,Normal
46.75,26.08,Normal
46.82,26.09,Normal
46.85,26.11,Normal
46.75,26.1,Normal
46.75,26.09,Normal
46.69,26.09,Normal
46.49,26.05,Normal
46.52,26.05,Normal
46.56,26.03,Normal
46.59,26.03,Normal
46.62,26.02,Normal
46.59,26,Normal
46.56,26.01,Normal
46.62,25.99,Normal
46.69,26,Normal
46.69,25.99,Normal
46.66,25.95,Normal
46.69,25.95,Normal
46.69,25.93,Normal
46.69,25.93,Normal
46.75,25.93,Normal
46.72,25.93,Normal
46.69,25.9,Normal
46.66,25.89,Normal
46.66,25.89,Normal
46.69,25.89,Normal
46.72,25.89,Normal
46.69,25.91,Normal
46.62,25.89,Normal
46.62,25.87,Normal
46.62,25.87,Normal
46.59,25.86,Normal
46.59,25.83,Normal
46.56,25.82,Normal
46.62,25.79,Normal
46.75,25.8,Normal
46.75,25.82,Normal
46.85,25.83,Normal
46.89,25.83,Normal
46.92,25.83,Normal
46.89,25.85,Normal
46.82,25.84,Normal
46.89,25.85,Normal
46.89,25.85,Normal
46.82,25.86,Normal
46.82,25.86,Normal
46.75,25.87,Normal
46.72,25.86,Normal
46.75,25.85,Normal
46.69,25.85,Normal
46.72,25.84,Normal
46.75,25.86,Normal
46.75,25.85,Normal
46.79,25.86,Normal
46.69,25.83,Normal
46.69,25.81,Normal
46.72,25.8,Normal
46.72,25.8,Normal
46.75,25.81,Normal
46.75,25.79,Normal
46.75,25.79,Normal
46.75,25.78,Normal
46.62,25.75,Normal
46.66,25.74,Normal
46.75,25.75,Normal
46.66,25.73,Normal
46.72,25.75,Normal
46.75,25.76,Normal
46.72,25.75,Normal
46.72,25.76,Normal
46.62,25.74,Normal
46.66,25.75,Normal
46.62,25.73,Normal
46.66,25.71,Normal
46.69,25.69,Normal
46.75,25.7,Normal
46.75,25.71,Normal
46.75,25.73,Normal
46.75,25.71,Normal
46.75,25.72,Normal
46.75,25.71,Normal
46.72,25.71,Normal
46.75,25.7,Normal
46.85,25.71,Normal
47.05,25.69,Normal
47.24,25.7,Normal
47.34,25.7,Normal
47.41,25.71,Normal
47.73,25.7,Normal
48.12,25.69,Normal
48.35,25.69,Normal
48.25,25.7,Normal
48.16,25.71,Normal
48.32,25.71,Normal
48.48,25.73,Normal
48.19,25.77,Normal
47.99,25.79,Normal
47.6,25.8,Normal
47.41,25.82,Normal
47.34,25.84,Normal
47.34,25.85,Normal
47.28,25.88,Normal
47.28,25.89,Normal
47.24,25.91,Normal
47.18,25.93,Normal
47.15,25.96,Normal
47.08,25.96,Normal
47.08,26,Normal
47.05,26.01,Normal
47.02,26.01,Normal
47.02,26.04,Normal
46.98,26.05,Normal
46.95,26.07,Normal
46.89,26.11,Normal
46.82,26.11,Normal
46.79,26.13,Normal
46.75,26.14,Normal
46.69,26.17,Normal
46.62,26.18,Normal
46.56,26.21,Normal
46.52,26.23,Normal
46.49,26.24,Normal
46.43,26.25,Normal
46.39,26.27,Normal
46.36,26.29,Normal
46.36,26.31,Normal
46.33,26.31,Normal
46.3,26.33,Normal
46.3,26.35,Normal
46.33,26.34,Normal
46.33,26.35,Normal
46.3,26.37,Normal
46.23,26.37,Normal
46.23,26.39,Normal
46.16,26.4,Normal
46.23,26.42,Normal
46.2,26.42,Normal
46.2,26.43,Normal
46.16,26.47,Normal
46.13,26.47,Normal
46.1,26.48,Normal
46.07,26.51,Normal
46.07,26.52,Normal
46,26.52,Normal
45.93,26.53,Normal
45.9,26.54,Normal
45.9,26.55,Normal
45.9,26.56,Normal
46.2,26.58,Normal
46.43,26.58,Normal
46.43,26.59,Normal
46.36,26.59,Normal
46.3,26.61,Normal
46.23,26.61,Normal
46.23,26.62,Normal
46.2,26.64,Normal
46.16,26.63,Normal
46.13,26.63,Normal
46.1,26.66,Normal
46.1,26.66,Normal
46.07,26.67,Normal
46,26.68,Normal
45.97,26.69,Normal
45.93,26.69,Normal
45.9,26.69,Normal
45.93,26.71,Normal
45.97,26.72,Normal
46.1,26.71,Normal
46.1,26.72,Normal
46.13,26.72,Normal
46.13,26.73,Normal
46.16,26.73,Normal
46.16,26.73,Normal
46.16,26.73,Normal
46.13,26.74,Normal
46.1,26.75,Normal
46.1,26.75,Normal
46.03,26.76,Normal
46.03,26.78,Normal
46,26.77,Normal
46,26.79,Normal
45.97,26.79,Normal
45.97,26.8,Normal
45.97,26.81,Normal
45.93,26.8,Normal
45.9,26.81,Normal
45.87,26.82,Normal
45.9,26.82,Normal
45.87,26.82,Normal
45.84,26.84,Normal
45.8,26.83,Normal
45.84,26.83,Normal
45.84,26.85,Normal
45.87,26.85,Normal
45.9,26.85,Normal
45.87,26.83,Normal
45.84,26.85,Normal
45.84,26.85,Normal
45.84,26.86,Normal
45.84,26.88,Normal
45.8,26.88,Normal
45.77,26.89,Normal
45.77,26.89,Normal
45.8,26.9,Normal
45.8,26.9,Normal
45.77,26.91,Normal
45.74,26.91,Normal
45.7,26.91,Normal
45.7,26.93,Normal
45.67,26.91,Normal
45.64,26.92,Normal
45.64,26.91,Normal
45.6,26.92,Normal
45.6,26.93,Normal
45.6,26.92,Normal
45.64,26.93,Normal
45.64,26.93,Normal
45.67,26.93,Normal
45.7,26.94,Normal
45.67,26.94,Normal
45.7,26.95,Normal
45.67,26.95,Normal
45.7,26.94,Normal
45.7,26.95,Normal
45.67,26.95,Normal
45.7,26.96,Normal
45.7,26.95,Normal
45.74,26.95,Normal
45.8,26.95,Normal
45.8,26.95,Normal
45.8,26.96,Normal
45.8,26.95,Normal
45.77,26.95,Normal
45.77,26.96,Normal
45.77,26.97,Normal
45.77,26.97,Normal
45.8,26.97,Normal
45.77,26.98,Normal
45.77,26.98,Normal
45.77,26.98,Normal
45.77,26.98,Normal
45.77,26.99,Normal
45.77,26.98,Normal
45.7,26.99,Normal
45.74,26.99,Normal
45.77,26.99,Normal
45.8,26.99,Normal
45.8,26.99,Normal
45.84,27,Normal
45.84,27,Normal
45.84,27.01,Normal
45.84,27,Normal
45.84,27,Normal
45.84,26.99,Normal
45.84,27,Normal
45.84,27,Normal
45.9,27.01,Normal
45.9,27.02,Normal
45.84,27.01,Normal
45.84,27.01,Normal
45.8,27.03,Normal
45.77,27.02,Normal
45.77,27.02,Normal
45.74,27.03,Normal
45.77,27.03,Normal
45.77,27.02,Normal
45.8,27.03,Normal
45.84,27.04,Normal
45.84,27.05,Normal
45.84,27.04,Normal
45.84,27.04,Normal
45.84,27.04,Normal
45.84,27.04,Normal
45.84,27.05,Normal
45.84,27.04,Normal
45.84,27.04,Normal
45.84,27.05,Normal
45.84,27.05,Normal
45.84,27.05,Normal
45.84,27.05,Normal
45.84,27.06,Normal
45.77,27.06,Normal
45.77,27.07,Normal
45.8,27.08,Normal
45.8,27.07,Normal
45.8,27.09,Normal
45.77,27.08,Normal
45.8,27.08,Normal
45.77,27.08,Normal
45.77,27.09,Normal
45.77,27.07,Normal
45.77,27.07,Normal
45.8,27.08,Normal
45.77,27.09,Normal
45.8,27.09,Normal
45.84,27.09,Normal
45.84,27.09,Normal
45.84,27.08,Normal
45.84,27.09,Normal
45.8,27.11,Normal
45.84,27.11,Normal
45.87,27.1,Normal
45.87,27.11,Normal
45.87,27.11,Normal
45.84,27.11,Normal
45.87,27.12,Normal
45.84,27.12,Normal
45.84,27.11,Normal
45.87,27.11,Normal
45.87,27.11,Normal
45.87,27.12,Normal
45.9,27.12,Normal
45.9,27.12,Normal
45.9,27.11,Normal
45.9,27.12,Normal
45.9,27.13,Normal
45.93,27.13,Normal
45.97,27.13,Normal
46,27.14,Normal
45.97,27.13,Normal
45.97,27.15,Normal
45.97,27.14,Normal
45.97,27.15,Normal
45.93,27.15,Normal
45.93,27.14,Normal
45.93,27.13,Normal
45.93,27.15,Normal
45.93,27.15,Normal
45.97,27.14,Normal
45.97,27.15,Normal
45.97,27.15,Normal
45.97,27.15,Normal
46,27.15,Normal
45.97,27.15,Normal
45.97,27.16,Normal
45.97,27.15,Normal
45.97,27.15,Normal
46,27.17,Normal
45.97,27.15,Normal
46,27.17,Normal
46,27.17,Normal
45.97,27.16,Normal
45.97,27.17,Normal
46,27.18,Normal
45.97,27.17,Normal
45.97,27.17,Normal
45.97,27.18,Normal
46,27.17,Normal
46.03,27.18,Normal
46.1,27.18,Normal
46.1,27.17,Normal
46.13,27.17,Normal
46.16,27.16,Normal
46.16,27.17,Normal
46.13,27.17,Normal
46.1,27.17,Normal
46.13,27.18,Normal
46.1,27.19,Normal
46.03,27.18,Normal
46,27.21,Normal
45.97,27.2,Normal
45.97,27.2,Normal
45.97,27.2,Normal
45.97,27.21,Normal
46,27.2,Normal
46,27.21,Normal
46.03,27.21,Normal
46.03,27.21,Normal
46.03,27.21,Normal
46.03,27.21,Normal
46.03,27.21,Normal
46.03,27.21,Normal
46.03,27.2,Normal
46.03,27.21,Normal
46.03,27.23,Normal
46.1,27.22,Normal
46.1,27.23,Normal
46.07,27.2,Normal
46.03,27.21,Normal
46.03,27.22,Normal
46.03,27.21,Normal
46.03,27.23,Normal
46.03,27.23,Normal
46.03,27.24,Normal
46.03,27.24,Normal
46.1,27.25,Normal
46.07,27.23,Normal
46.07,27.25,Normal
46.1,27.23,Normal
46.1,27.24,Normal
46.1,27.23,Normal
46.1,27.23,Normal
46.13,27.23,Normal
46.16,27.24,Normal
46.16,27.24,Normal
46.16,27.24,Normal
46.13,27.24,Normal
46.1,27.24,Normal
46.1,27.24,Normal
46.16,27.25,Normal
46.16,27.26,Normal
46.16,27.26,Normal
46.16,27.25,Normal
46.16,27.26,Normal
46.16,27.26,Normal
46.16,27.26,Normal
46.2,27.26,Normal
46.16,27.25,Normal
46.16,27.26,Normal
46.16,27.26,Normal
46.16,27.25,Normal
46.16,27.25,Normal
46.16,27.26,Normal
46.16,27.26,Normal
46.16,27.26,Normal
46.2,27.26,Normal
46.16,27.26,Normal
46.16,27.26,Normal
46.16,27.27,Normal
46.16,27.27,Normal
46.2,27.27,Normal
46.23,27.26,Normal
46.3,27.26,Normal
46.3,27.26,Normal
46.3,27.25,Normal
46.3,27.26,Normal
46.3,27.28,Normal
46.33,27.27,Normal
46.36,27.27,Normal
46.36,27.27,Normal
46.39,27.26,Normal
46.43,27.26,Normal
46.39,27.26,Normal
46.43,27.27,Normal
46.39,27.27,Normal
46.36,27.27,Normal
46.36,27.27,Normal
46.36,27.27,Normal
46.36,27.27,Normal
46.36,27.29,Normal
46.36,27.28,Normal
46.36,27.29,Normal
46.39,27.29,Normal
46.39,27.29,Normal
46.43,27.29,Normal
46.43,27.29,Normal
46.39,27.3,Normal
46.39,27.3,Normal
46.39,27.3,Normal
46.43,27.3,Normal
46.43,27.29,Normal
46.43,27.3,Normal
46.43,27.3,Normal
46.39,27.3,Normal
46.36,27.31,Normal
46.33,27.31,Normal
46.3,27.31,Normal
46.3,27.31,Normal
46.26,27.31,Normal
46.26,27.32,Normal
46.26,27.32,Normal
46.3,27.32,Normal
46.3,27.32,Normal
46.3,27.32,Normal
46.33,27.32,Normal
46.33,27.32,Normal
46.36,27.31,Normal
46.36,27.31,Normal
46.36,27.31,Normal
46.36,27.31,Normal
46.39,27.31,Normal
46.43,27.32,Normal
46.43,27.31,Normal
46.43,27.32,Normal
46.43,27.32,Normal
46.39,27.32,Normal
46.39,27.31,Normal
46.36,27.31,Normal
46.39,27.33,Normal
46.39,27.33,Normal
46.43,27.33,Normal
46.43,27.33,Normal
46.43,27.33,Normal
46.43,27.34,Normal
46.46,27.33,Normal
46.43,27.33,Normal
46.46,27.33,Normal
46.46,27.34,Normal
46.43,27.33,Normal
46.43,27.34,Normal
46.46,27.34,Normal
46.43,27.34,Normal
46.43,27.34,Normal
46.43,27.34,Normal
46.43,27.34,Normal
46.46,27.33,Normal
46.49,27.34,Normal
46.49,27.34,Normal
46.49,27.34,Normal
46.46,27.36,Normal
46.46,27.35,Normal
46.43,27.36,Normal
46.43,27.37,Normal
46.36,27.37,Normal
46.36,27.37,Normal
46.33,27.37,Normal
46.33,27.38,Normal
46.36,27.38,Normal
46.33,27.37,Normal
46.3,27.38,Normal
46.33,27.38,Normal
46.33,27.38,Normal
46.33,27.36,Normal
46.33,27.38,Normal
46.33,27.38,Normal
46.33,27.38,Normal
46.33,27.38,Normal
46.3,27.39,Normal
46.3,27.38,Normal
46.3,27.39,Normal
46.33,27.39,Normal
46.3,27.39,Normal
46.3,27.39,Normal
46.36,27.39,Normal
46.36,27.39,Normal
46.36,27.39,Normal
46.36,27.4,Normal
46.36,27.41,Normal
46.36,27.4,Normal
46.33,27.41,Normal
46.33,27.39,Normal
46.33,27.39,Normal
46.33,27.4,Normal
46.36,27.4,Normal
46.36,27.39,Normal
46.36,27.39,Normal
46.36,27.4,Normal
46.36,27.41,Normal
46.36,27.41,Normal
46.33,27.4,Normal
46.33,27.41,Normal
46.33,27.41,Normal
46.33,27.41,Normal
46.3,27.43,Normal
46.3,27.42,Normal
46.36,27.41,Normal
46.36,27.42,Normal
46.39,27.41,Normal
46.56,27.08,Normal
46.62,27.07,Normal
46.46,27.06,Normal
46.36,27.04,Normal
46.16,27.02,Normal
46.16,27.02,Normal
46.3,27.01,Normal
46.26,27,Normal
46.16,26.99,Normal
46.23,26.97,Normal
46.36,26.98,Normal
46.62,26.98,Normal
46.66,26.99,Normal
46.52,26.99,Normal
46.43,26.98,Normal
46.66,26.99,Normal
46.75,27,Normal
46.66,26.98,Normal
46.56,26.95,Normal
46.56,26.94,Normal
46.62,26.95,Normal
46.62,26.96,Normal
46.72,26.97,Normal
46.62,26.96,Normal
46.59,26.97,Normal
46.66,26.97,Normal
46.62,26.96,Normal
46.52,26.95,Normal
46.46,26.96,Normal
46.39,26.95,Normal
46.3,26.93,Normal
46.36,26.93,Normal
46.43,26.94,Normal
46.36,26.92,Normal
46.36,26.91,Normal
46.23,26.9,Normal
46.3,26.91,Normal
46.46,26.91,Normal
46.49,26.91,Normal
46.43,26.91,Normal
46.36,26.91,Normal
46.56,26.91,Normal
46.49,26.9,Normal
46.3,26.91,Normal
46.23,26.92,Normal
46.26,26.91,Normal
46.16,26.9,Normal
45.9,26.87,Normal
46.3,26.89,Normal
46.26,26.9,Normal
46.3,26.89,Normal
46.36,26.89,Normal
46.46,26.89,Normal
46.39,26.88,Normal
46.33,26.89,Normal
46.33,26.88,Normal
46.49,26.89,Normal
46.39,26.88,Normal
46.3,26.88,Normal
46.3,26.89,Normal
46.3,26.89,Normal
46.3,26.89,Normal
46.23,26.85,Normal
46.3,26.87,Normal
46.3,26.88,Normal
46.13,26.85,Normal
46.36,26.86,Normal
46.33,26.87,Normal
46.3,26.86,Normal
46.07,26.84,Normal
46.03,26.85,Normal
45.93,26.83,Normal
45.97,26.82,Normal
46.16,26.83,Normal
46.3,26.83,Normal
46.3,26.83,Normal
46.36,26.83,Normal
46.36,26.81,Normal
46.43,26.82,Normal
46.36,26.82,Normal
46.39,26.82,Normal
46.36,26.81,Normal
46.2,26.8,Normal
46.1,26.81,Normal
46.2,26.8,Normal
46.13,26.81,Normal
46.36,26.83,Normal
46.43,26.83,Normal
46.39,26.83,Normal
46.49,26.84,Normal
46.56,26.83,Normal
46.36,26.83,Normal
46.13,26.81,Normal
45.97,26.8,Normal
45.84,26.81,Normal
45.87,26.82,Normal
45.97,26.8,Normal
45.97,26.78,Normal
46.2,26.78,Normal
46.03,26.78,Normal
46.16,26.78,Normal
46.3,26.79,Normal
46.3,26.78,Normal
46.16,26.79,Normal
46.2,26.81,Normal
46.16,26.79,Normal
46.2,26.81,Normal
46.23,26.8,Normal
46.16,26.8,Normal
46.2,26.82,Normal
46.07,26.81,Normal
46,26.79,Normal
45.93,26.79,Normal
46.03,26.78,Normal
46.07,26.78,Normal
45.93,26.76,Normal
45.84,26.73,Normal
46.03,26.75,Normal
46.07,26.76,Normal
46,26.75,Normal
45.9,26.73,Normal
46.03,26.73,Normal
46.1,26.73,Normal
45.97,26.73,Normal
45.93,26.71,Normal
45.9,26.71,Normal
46.1,26.72,Normal
46,26.73,Normal
46.1,26.73,Normal
45.97,26.72,Normal
45.97,26.72,Normal
46.1,26.74,Normal
46.1,26.71,Normal
45.97,26.71,Normal
45.9,26.72,Normal
46.07,26.72,Normal
46.3,26.73,Normal
46.23,26.75,Normal
46.2,26.75,Normal
46.1,26.74,Normal
45.9,26.71,Normal
45.87,26.69,Normal
45.93,26.69,Normal
46.07,26.69,Normal
46.07,26.68,Normal
46.1,26.7,Normal
46.1,26.71,Normal
46.03,26.69,Normal
45.97,26.7,Normal
45.87,26.69,Normal
45.84,26.68,Normal
45.77,26.68,Normal
45.87,26.67,Normal
45.84,26.67,Normal
45.84,26.69,Normal
45.93,26.69,Normal
46.03,26.68,Normal
46.03,26.68,Normal
45.97,26.67,Normal
46.03,26.65,Normal
45.97,26.66,Normal
46.07,26.64,Normal
46.1,26.65,Normal
46.03,26.69,Normal
46,26.69,Normal
46.03,26.68,Normal
45.9,26.67,Normal
45.67,26.67,Normal
45.8,26.67,Normal
45.8,26.67,Normal
45.84,26.69,Normal
45.77,26.67,Normal
45.9,26.67,Normal
45.93,26.67,Normal
45.9,26.65,Normal
45.84,26.66,Normal
45.93,26.65,Normal
45.97,26.65,Normal
46.23,26.65,Normal
46.23,26.67,Normal
46.03,26.66,Normal
45.93,26.64,Normal
45.64,26.63,Normal
45.77,26.64,Normal
45.9,26.64,Normal
45.84,26.63,Normal
45.87,26.65,Normal
46.03,26.65,Normal
46.1,26.65,Normal
46.03,26.65,Normal
46.1,26.65,Normal
46.23,26.65,Normal
46.33,26.67,Normal
46.49,26.65,Normal
46.72,26.67,Normal
46.69,26.67,Normal
46.43,26.67,Normal
46.36,26.67,Normal
46.1,26.64,Normal
46.2,26.65,Normal
46.3,26.66,Normal
46.23,26.65,Normal
46.46,26.66,Normal
46.72,26.63,Normal
46.82,26.63,Normal
47.21,26.64,Normal
47.38,26.65,Normal
47.34,26.67,Normal
47.41,26.65,Normal
47.02,26.65,Normal
47.21,26.67,Normal
47.73,26.65,Normal
47.86,26.65,Normal
47.6,26.69,Normal
47.41,26.69,Normal
47.15,26.71,Normal
46.62,26.71,Normal
46.3,26.72,Normal
46.23,26.75,Normal
46.1,26.75,Normal
46.03,26.76,Normal
45.77,26.77,Normal
45.51,26.78,Normal
45.37,26.79,Normal
45.31,26.8,Normal
45.24,26.82,Normal
45.24,26.83,Normal
45.28,26.85,Normal
45.31,26.87,Normal
45.28,26.86,Normal
45.34,26.87,Normal
45.41,26.88,Normal
45.44,26.88,Normal
45.44,26.91,Normal
45.44,26.91,Normal
45.44,26.9,Normal
45.41,26.92,Normal
45.41,26.93,Normal
45.41,26.95,Normal
45.44,26.95,Normal
45.37,26.96,Normal
45.41,26.97,Normal
45.44,26.99,Normal
45.51,26.99,Normal
45.51,27,Normal
45.51,27.02,Normal
45.51,27.03,Normal
45.47,27.04,Normal
45.47,27.05,Normal
45.44,27.05,Normal
45.47,27.06,Normal
45.51,27.07,Normal
45.54,27.07,Normal
45.57,27.08,Normal
45.6,27.09,Normal
45.64,27.1,Normal
45.67,27.11,Normal
45.67,27.1,Normal
45.64,27.13,Normal
45.67,27.13,Normal
45.7,27.14,Normal
45.7,27.15,Normal
45.7,27.16,Normal
45.67,27.16,Normal
45.67,27.17,Normal
45.64,27.19,Normal
45.64,27.19,Normal
45.6,27.19,Normal
45.6,27.19,Normal
45.6,27.2,Normal
45.64,27.21,Normal
45.6,27.2,Normal
45.64,27.21,Normal
45.67,27.22,Normal
45.7,27.22,Normal
45.7,27.23,Normal
45.7,27.24,Normal
45.7,27.24,Normal
45.7,27.25,Normal
45.7,27.26,Normal
45.7,27.26,Normal
45.7,27.27,Normal
45.7,27.27,Normal
45.7,27.28,Normal
45.7,27.29,Normal
45.67,27.28,Normal
45.67,27.29,Normal
45.7,27.29,Normal
45.77,27.3,Normal
45.8,27.29,Normal
45.87,27.31,Normal
45.9,27.31,Normal
45.9,27.31,Normal
45.9,27.31,Normal
45.93,27.31,Normal
45.93,27.31,Normal
45.97,27.31,Normal
46,27.33,Normal
45.97,27.33,Normal
45.97,27.34,Normal
46,27.34,Normal
46.03,27.35,Normal
46.1,27.33,Normal
46.16,27.35,Normal
46.23,27.35,Normal
46.23,27.35,Normal
46.23,27.36,Normal
46.2,27.37,Normal
46.16,27.37,Normal
46.13,27.37,Normal
46.1,27.37,Normal
46.1,27.37,Normal
46.13,27.38,Normal
46.16,27.38,Normal
46.16,27.38,Normal
46.23,27.38,Normal
46.3,27.38,Normal
46.33,27.38,Normal
46.3,27.39,Normal
46.3,27.38,Normal
46.23,27.41,Normal
46.23,27.4,Normal
46.3,27.4,Normal
46.43,27.41,Normal
46.23,27.41,Normal
46.03,27.41,Normal
45.97,27.41,Normal
45.93,27.4,Normal
45.9,27.41,Normal
45.9,27.42,Normal
45.87,27.41,Normal
45.84,27.42,Normal
45.84,27.43,Normal
45.84,27.42,Normal
45.8,27.43,Normal
45.87,27.43,Normal
45.93,27.43,Normal
45.87,27.43,Normal
45.84,27.43,Normal
45.77,27.43,Normal
45.77,27.44,Normal
45.77,27.45,Normal
45.77,27.45,Normal
45.77,27.45,Normal
45.77,27.45,Normal
45.7,27.45,Normal
45.7,27.47,Normal
45.7,27.46,Normal
45.7,27.45,Normal
45.77,27.45,Normal
45.8,27.46,Normal
45.87,27.46,Normal
45.9,27.46,Normal
45.9,27.45,Normal
45.9,27.45,Normal
45.87,27.45,Normal
45.87,27.46,Normal
45.87,27.47,Normal
45.97,27.47,Normal
46,27.47,Normal
46.03,27.48,Normal
45.97,27.47,Normal
45.97,27.49,Normal
45.97,27.49,Normal
45.93,27.49,Normal
45.9,27.48,Normal
45.9,27.48,Normal
45.9,27.49,Normal
45.9,27.49,Normal
45.9,27.49,Normal
45.97,27.48,Normal
46.03,27.49,Normal
46.1,27.48,Normal
46.43,27.49,Normal
46.75,27.49,Normal
46.62,27.47,Normal
46.43,27.48,Normal
46.36,27.48,Normal
46.39,27.47,Normal
46.49,27.46,Normal
46.43,27.47,Normal
46.36,27.47,Normal
46.43,27.48,Normal
46.52,27.47,Normal
46.75,27.47,Normal
47.02,27.48,Normal
47.08,27.5,Normal
47.05,27.51,Normal
47.18,27.51,Normal
47.15,27.52,Normal
47.08,27.53,Normal
47.02,27.54,Normal
46.95,27.54,Normal
71.01,35.49,Anomaly
85.01,37.64,Anomaly
76.42,48.43,Anomaly
64.15,52.87,Anomaly
67.58,47.73,Anomaly
71.01,44.81,Anomaly
74.31,42.3,Anomaly
77.72,40.41,Anomaly
80.91,38.37,Anomaly
84.53,36.78,Anomaly
86.38,35.52,Anomaly
87.08,34.57,Anomaly
88.21,33.49,Anomaly
88.24,32.63,Anomaly
88.36,31.87,Anomaly
88.78,31.27,Anomaly
89.46,30.83,Anomaly
89.95,30.35,Anomaly
90.22,29.87,Anomaly
90.46,29.39,Anomaly
90.99,29.07,Anomaly
91.49,28.8,Anomaly
91.71,28.48,Anomaly
91.8,28.2,Anomaly
91.9,27.93,Anomaly
92.13,27.74,Anomaly
92.3,27.52,Anomaly
92.42,27.31,Anomaly
92.7,27.19,Anomaly
93.08,27.11,Anomaly
93.13,26.99,Anomaly
93.22,26.95,Anomaly
92.98,26.79,Anomaly
92.39,26.63,Anomaly
92.04,26.52,Anomaly
91.66,26.4,Anomaly
91.42,26.35,Anomaly
91.23,26.31,Anomaly
90.24,26.23,Anomaly
86.88,26.1,Anomaly
85.17,26.04,Anomaly
84.45,26.01,Anomaly
82.01,25.96,Anomaly
75.55,25.94,Anomaly
73.78,25.94,Anomaly
74.2,25.93,Anomaly
73.4,25.94,Anomaly
72.87,25.94,Anomaly
73.26,25.95,Anomaly
72.7,25.95,Anomaly
71.1,25.91,Anomaly
69.22,25.88,Anomaly
68.39,25.88,Anomaly
67.84,25.87,Anomaly
67.52,25.85,Anomaly
68.24,25.87,Anomaly
71.27,25.92,Anomaly
73.51,25.93,Anomaly
72.78,25.93,Anomaly
70.27,25.92,Anomaly
68.01,25.93,Anomaly
67.08,25.92,Anomaly
66.59,25.94,Anomaly
67.84,25.97,Anomaly
71.07,26.01,Anomaly
72.28,26.02,Anomaly
72.61,26.05,Anomaly
72.98,26.08,Anomaly
72.78,26.09,Anomaly
72.33,26.12,Anomaly
71.77,26.13,Anomaly
69.93,26.14,Anomaly
67.26,26.16,Anomaly
65.8,26.17,Anomaly
64.59,26.19,Anomaly
63.47,26.21,Anomaly
62.81,26.23,Anomaly
62.93,26.27,Anomaly
62.93,26.28,Anomaly
62.63,26.32,Anomaly
62.12,26.36,Anomaly
60.92,26.38,Anomaly
59.89,26.41,Anomaly
58.33,26.43,Anomaly
56.57,26.45,Anomaly
55.64,26.48,Anomaly
54.95,26.51,Anomaly
54.45,26.54,Anomaly
54.07,26.58,Anomaly
53.57,26.61,Anomaly
53.1,26.65,Anomaly
52.75,26.69,Anomaly
52.65,26.74,Anomaly
52.4,26.77,Anomaly
52.14,26.83,Anomaly
51.95,26.87,Anomaly
51.73,26.9,Anomaly
51.44,26.94,Anomaly
51.19,26.98,Anomaly
51.09,27,Anomaly
50.96,27.04,Normal
50.9,27.06,Normal
50.77,27.09,Normal
50.64,27.11,Normal
50.51,27.14,Normal
50.39,27.16,Normal
50.23,27.18,Normal
50.06,27.2,Normal
49.87,27.22,Normal
49.74,27.23,Normal
49.65,27.27,Normal
49.58,27.28,Normal
49.45,27.3,Normal
49.32,27.32,Normal
49.16,27.34,Normal
49.16,27.35,Normal
49.13,27.37,Normal
49.03,27.37,Normal
49,27.38,Normal
48.94,27.4,Normal
48.9,27.41,Normal
48.84,27.41,Normal
48.81,27.42,Normal
48.74,27.44,Normal
48.68,27.46,Normal
48.64,27.45,Normal
48.64,27.47,Normal
48.64,27.49,Normal
48.58,27.5,Normal
48.48,27.51,Normal
48.42,27.51,Normal
48.35,27.52,Normal
48.32,27.53,Normal
48.32,27.54,Normal
48.32,27.55,Normal
48.38,27.55,Normal
48.42,27.58,Normal
48.38,27.58,Normal
48.35,27.58,Normal
48.29,27.58,Normal
48.22,27.58,Normal
48.19,27.59,Normal
48.19,27.61,Normal
48.22,27.61,Normal
48.25,27.61,Normal
48.29,27.6,Normal
48.29,27.62,Normal
48.25,27.62,Normal
48.19,27.64,Normal
48.12,27.64,Normal
48.06,27.65,Normal
48.06,27.65,Normal
48.06,27.66,Normal
48.16,27.66,Normal
48.16,27.66,Normal
48.12,27.67,Normal
48.12,27.67,Normal
48.06,27.67,Normal
48.03,27.67,Normal
47.99,27.68,Normal
47.96,27.67,Normal
47.9,27.69,Normal
47.86,27.69,Normal
47.8,27.68,Normal
47.86,27.7,Normal
47.83,27.7,Normal
47.83,27.71,Normal
47.86,27.72,Normal
47.83,27.72,Normal
47.83,27.72,Normal
47.8,27.73,Normal
47.73,27.73,Normal
47.7,27.73,Normal
47.64,27.74,Normal
47.6,27.74,Normal
47.6,27.75,Normal
47.6,27.74,Normal
47.64,27.75,Normal
47.6,27.74,Normal
47.67,27.76,Normal
47.67,27.75,Normal
47.67,27.75,Normal
47.7,27.75,Normal
47.67,27.75,Normal
47.67,27.75,Normal
47.6,27.77,Normal
47.6,27.77,Normal
47.6,27.76,Normal
47.57,27.78,Normal
47.54,27.77,Normal
47.51,27.77,Normal
47.51,27.77,Normal
47.51,27.78,Normal
47.51,27.79,Normal
47.54,27.77,Normal
47.54,27.77,Normal
47.54,27.78,Normal
47.51,27.77,Normal
47.47,27.78,Normal
47.47,27.79,Normal
47.47,27.78,Normal
47.41,27.79,Normal
47.38,27.78,Normal
47.34,27.77,Normal
47.31,27.79,Normal
47.28,27.79,Normal
47.28,27.79,Normal
47.21,27.81,Normal
47.21,27.8,Normal
47.21,27.8,Normal
47.21,27.79,Normal
47.28,27.81,Normal
47.38,27.81,Normal
47.38,27.81,Normal
47.34,27.82,Normal
47.34,27.82,Normal
47.38,27.82,Normal
47.34,27.82,Normal
47.41,27.81,Normal
47.41,27.81,Normal
47.38,27.81,Normal
47.38,27.79,Normal
47.34,27.81,Normal
47.34,27.81,Normal
47.34,27.8,Normal
47.31,27.81,Normal
47.31,27.81,Normal
47.31,27.81,Normal
47.34,27.82,Normal
47.31,27.82,Normal
47.34,27.83,Normal
47.34,27.83,Normal
47.34,27.84,Normal
47.34,27.83,Normal
47.34,27.83,Normal
47.44,27.83,Normal
47.51,27.84,Normal
47.54,27.86,Normal
47.57,27.83,Normal
47.6,27.84,Normal
47.67,27.83,Normal
47.8,27.83,Normal
47.9,27.83,Normal
47.93,27.84,Normal
47.86,27.83,Normal
47.8,27.84,Normal
47.73,27.83,Normal
47.77,27.84,Normal
47.77,27.85,Normal
47.73,27.84,Normal
47.7,27.85,Normal
47.67,27.85,Normal
47.7,27.86,Normal
47.7,27.85,Normal
47.73,27.87,Normal
47.73,27.87,Normal
47.7,27.85,Normal
47.73,27.86,Normal
47.73,27.86,Normal
47.73,27.85,Normal
47.73,27.86,Normal
47.77,27.86,Normal
47.8,27.85,Normal
47.8,27.85,Normal
47.8,27.85,Normal
47.83,27.87,Normal
47.86,27.86,Normal
47.9,27.86,Normal
47.86,27.87,Normal
47.8,27.86,Normal
47.73,27.87,Normal
47.7,27.87,Normal
47.67,27.87,Normal
47.7,27.87,Normal
47.77,27.88,Normal
47.73,27.89,Normal
47.73,27.89,Normal
47.73,27.88,Normal
47.73,27.88,Normal
47.73,27.87,Normal
47.8,27.88,Normal
47.77,27.88,Normal
47.7,27.88,Normal
47.67,27.89,Normal
47.67,27.89,Normal
47.64,27.89,Normal
47.57,27.87,Normal
47.54,27.89,Normal
47.54,27.88,Normal
47.54,27.89,Normal
47.6,27.9,Normal
47.6,27.89,Normal
47.6,27.91,Normal
47.64,27.89,Normal
47.67,27.89,Normal
47.73,27.9,Normal
47.9,27.9,Normal
47.9,27.89,Normal
47.9,27.91,Normal
47.86,27.91,Normal
47.83,27.89,Normal
47.8,27.9,Normal
47.73,27.91,Normal
47.83,27.91,Normal
47.83,27.9,Normal
47.86,27.91,Normal
47.9,27.92,Normal
47.8,27.92,Normal
47.73,27.91,Normal
47.67,27.91,Normal
47.6,27.9,Normal
47.6,27.91,Normal
47.6,27.91,Normal
47.67,27.91,Normal
47.67,27.91,Normal
47.67,27.89,Normal
47.6,27.89,Normal
47.7,27.89,Normal
47.7,27.87,Normal
47.67,27.85,Normal
47.64,27.84,Normal
47.64,27.84,Normal
47.6,27.83,Normal
47.51,27.82,Normal
47.34,27.82,Normal
47.15,27.81,Normal
47.05,27.8,Normal
47.02,27.66,Normal
46.92,27.65,Normal
46.69,27.67,Normal
46.75,27.66,Normal
46.75,27.66,Normal
46.75,27.65,Normal
46.62,27.63,Normal
46.59,27.63,Normal
46.56,27.62,Normal
46.49,27.6,Normal
46.39,27.59,Normal
46.39,27.58,Normal
46.46,27.59,Normal
46.56,27.58,Normal
46.69,27.58,Normal
46.69,27.58,Normal
46.69,27.58,Normal
46.72,27.57,Normal
46.49,27.56,Normal
46.3,27.56,Normal
46.23,27.55,Normal
46.49,27.55,Normal
46.59,27.56,Normal
46.82,27.57,Normal
46.75,27.57,Normal
46.85,27.57,Normal
46.85,27.57,Normal
46.72,27.56,Normal
46.75,27.57,Normal
46.75,27.56,Normal
46.62,27.57,Normal
46.52,27.56,Normal
46.46,27.57,Normal
46.36,27.55,Normal
46.36,27.55,Normal
46.46,27.56,Normal
46.36,27.54,Normal
46.13,27.53,Normal
46.13,27.55,Normal
46.2,27.53,Normal
46.26,27.53,Normal
46.33,27.53,Normal
46.43,27.55,Normal
46.39,27.55,Normal
46.3,27.54,Normal
46.26,27.54,Normal
46.23,27.54,Normal
46.36,27.53,Normal
46.23,27.5,Normal
46.3,27.5,Normal
46.13,27.51,Normal
46.03,27.51,Normal
45.93,27.5,Normal
45.93,27.47,Normal
45.64,27.46,Normal
45.84,27.48,Normal
46.07,27.47,Normal
46.16,27.48,Normal
46.13,27.49,Normal
46.13,27.46,Normal
46.16,27.48,Normal
46.07,27.48,Normal
46,27.49,Normal
45.97,27.49,Normal
45.97,27.49,Normal
45.97,27.5,Normal
45.97,27.5,Normal
45.9,27.51,Normal
45.8,27.5,Normal
45.77,27.49,Normal
45.7,27.51,Normal
45.8,27.51,Normal
45.84,27.5,Normal
45.7,27.48,Normal
45.77,27.49,Normal
45.67,27.5,Normal
45.57,27.48,Normal
45.47,27.48,Normal
45.47,27.47,Normal
45.67,27.48,Normal
45.7,27.48,Normal
45.67,27.5,Normal
45.74,27.49,Normal
45.6,27.48,Normal
45.77,27.47,Normal
45.77,27.46,Normal
45.54,27.44,Normal
45.54,27.44,Normal
45.44,27.45,Normal
45.51,27.44,Normal
45.64,27.43,Normal
45.51,27.41,Normal
45.44,27.42,Normal
45.51,27.41,Normal
45.44,27.39,Normal
45.51,27.39,Normal
45.6,27.41,Normal
45.64,27.4,Normal
45.67,27.39,Normal
45.84,27.4,Normal
45.9,27.43,Normal
45.7,27.41,Normal
45.87,27.43,Normal
45.9,27.43,Normal
45.93,27.42,Normal
45.93,27.42,Normal
46.1,27.43,Normal
45.9,27.41,Normal
45.77,27.44,Normal
45.84,27.41,Normal
45.84,27.42,Normal
45.8,27.41,Normal
45.77,27.41,Normal
45.64,27.4,Normal
45.8,27.39,Normal
45.9,27.4,Normal
45.87,27.39,Normal
45.9,27.39,Normal
45.87,27.38,Normal
45.7,27.39,Normal
45.57,27.39,Normal
45.7,27.38,Normal
45.74,27.39,Normal
45.64,27.37,Normal
45.77,27.39,Normal
45.87,27.36,Normal
45.84,27.37,Normal
45.77,27.37,Normal
45.64,27.36,Normal
45.67,27.36,Normal
45.77,27.35,Normal
45.6,27.35,Normal
45.57,27.35,Normal
45.51,27.35,Normal
45.67,27.34,Normal
45.6,27.36,Normal
45.6,27.35,Normal
45.64,27.36,Normal
45.57,27.36,Normal
45.64,27.37,Normal
46,27.36,Normal
46.3,27.37,Normal
46.39,27.37,Normal
46.36,27.38,Normal
46.46,27.37,Normal
46.49,27.39,Normal
46.56,27.39,Normal
46.56,27.39,Normal
46.59,27.41,Normal
46.49,27.4,Normal
46.49,27.41,Normal
46.56,27.39,Normal
46.62,27.38,Normal
46.16,27.39,Normal
45.64,27.39,Normal
45.28,27.4,Normal
45.08,27.39,Normal
45.01,27.39,Normal
45.01,27.39,Normal
45.01,27.41,Normal
45.01,27.41,Normal
45.04,27.41,Normal
45.11,27.42,Normal
45.18,27.42,Normal
45.24,27.43,Normal
45.24,27.44,Normal
45.31,27.45,Normal
45.34,27.45,Normal
45.37,27.45,Normal
45.44,27.46,Normal
45.51,27.47,Normal
45.57,27.48,Normal
45.54,27.47,Normal
45.51,27.48,Normal
45.44,27.47,Normal
45.47,27.48,Normal
45.51,27.5,Normal
45.51,27.49,Normal
45.44,27.5,Normal
45.41,27.49,Normal
45.37,27.5,Normal
45.37,27.51,Normal
45.37,27.52,Normal
45.37,27.52,Normal
45.37,27.53,Normal
45.41,27.54,Normal
45.41,27.53,Normal
45.44,27.54,Normal
45.47,27.54,Normal
45.47,27.54,Normal
45.54,27.55,Normal
45.64,27.55,Normal
45.7,27.55,Normal
45.77,27.56,Normal
45.84,27.58,Normal
45.87,27.57,Normal
45.9,27.57,Normal
45.9,27.58,Normal
45.9,27.59,Normal
45.9,27.6,Normal
45.9,27.61,Normal
45.93,27.61,Normal
45.93,27.61,Normal
45.93,27.63,Normal
45.93,27.64,Normal
45.93,27.63,Normal
45.9,27.63,Normal
45.9,27.65,Normal
45.9,27.65,Normal
45.93,27.65,Normal
45.97,27.65,Normal
46,27.66,Normal
46.03,27.66,Normal
46.03,27.66,Normal
46.03,27.67,Normal
46.07,27.67,Normal
46.03,27.67,Normal
46.07,27.67,Normal
46.03,27.67,Normal
46.07,27.69,Normal
46.07,27.69,Normal
46.1,27.7,Normal
46.1,27.7,Normal
46.1,27.7,Normal
46.03,27.7,Normal
46,27.7,Normal
45.97,27.72,Normal
45.97,27.71,Normal
45.93,27.71,Normal
45.97,27.71,Normal
46,27.71,Normal
46.03,27.73,Normal
46.07,27.71,Normal
46.1,27.71,Normal
46.16,27.72,Normal
46.23,27.73,Normal
46.26,27.73,Normal
46.3,27.72,Normal
46.36,27.72,Normal
46.39,27.73,Normal
46.43,27.73,Normal
46.49,27.73,Normal
46.49,27.74,Normal
46.56,27.73,Normal
46.56,27.74,Normal
46.59,27.75,Normal
46.62,27.75,Normal
46.62,27.75,Normal
46.66,27.75,Normal
46.66,27.76,Normal
46.69,27.75,Normal
46.69,27.76,Normal
46.69,27.75,Normal
46.69,27.76,Normal
46.69,27.76,Normal
46.69,27.76,Normal
46.72,27.77,Normal
46.75,27.76,Normal
46.72,27.77,Normal
46.75,27.77,Normal
46.72,27.76,Normal
46.72,27.78,Normal
46.69,27.78,Normal
46.72,27.77,Normal
46.72,27.78,Normal
46.75,27.79,Normal
46.75,27.8,Normal
46.79,27.78,Normal
46.82,27.79,Normal
46.79,27.79,Normal
46.79,27.79,Normal
46.82,27.79,Normal
46.82,27.78,Normal
46.89,27.79,Normal
46.92,27.79,Normal
46.95,27.79,Normal
46.98,27.79,Normal
47.02,27.79,Normal
47.08,27.79,Normal
47.15,27.79,Normal
47.15,27.8,Normal
47.21,27.79,Normal
47.18,27.79,Normal
47.21,27.8,Normal
47.21,27.8,Normal
47.28,27.8,Normal
47.28,27.81,Normal
47.28,27.81,Normal
47.34,27.8,Normal
47.38,27.81,Normal
47.41,27.81,Normal
47.41,27.81,Normal
47.47,27.8,Normal
47.47,27.8,Normal
47.47,27.81,Normal
47.44,27.82,Normal
47.54,27.81,Normal
47.93,27.81,Normal
47.99,27.81,Normal
47.9,27.81,Normal
47.73,27.81,Normal
47.54,27.81,Normal
47.44,27.82,Normal
47.34,27.83,Normal
47.15,27.84,Normal
46.82,27.84,Normal
46.56,27.84,Normal
46.3,27.83,Normal
46.26,27.83,Normal
46.36,27.83,Normal
46.36,27.82,Normal
46.3,27.8,Normal
46.23,27.79,Normal
46.1,27.8,Normal
46.07,27.79,Normal
46.2,27.79,Normal
46.3,27.79,Normal
46.3,27.78,Normal
46.23,27.79,Normal
46.16,27.77,Normal
46.03,27.78,Normal
45.9,27.77,Normal
45.84,27.78,Normal
45.7,27.77,Normal
45.7,27.77,Normal
45.7,27.77,Normal
45.67,27.77,Normal
45.67,27.76,Normal
45.64,27.75,Normal
45.6,27.75,Normal
45.57,27.75,Normal
45.57,27.75,Normal
45.51,27.74,Normal
45.54,27.71,Normal
45.54,27.71,Normal
45.57,27.7,Normal
45.54,27.69,Normal
45.44,27.69,Normal
45.31,27.67,Normal
45.44,27.68,Normal
45.7,27.67,Normal
45.84,27.67,Normal
45.9,27.68,Normal
45.77,27.67,Normal
45.57,27.66,Normal
45.67,27.65,Normal
45.74,27.65,Normal
45.74,27.64,Normal
45.74,27.65,Normal
45.7,27.63,Normal
45.64,27.63,Normal
45.51,27.63,Normal
45.24,27.61,Normal
45.01,27.59,Normal
44.95,27.58,Normal
45.24,27.57,Normal
45.34,27.57,Normal
45.47,27.57,Normal
45.44,27.55,Normal
45.44,27.55,Normal
45.47,27.56,Normal
45.41,27.55,Normal
45.37,27.54,Normal
45.34,27.53,Normal
45.31,27.55,Normal
45.28,27.54,Normal
45.24,27.52,Normal
45.24,27.51,Normal
45.28,27.51,Normal
45.24,27.49,Normal
45.18,27.49,Normal
45.04,27.47,Normal
45.11,27.47,Normal
45.08,27.47,Normal
45.08,27.45,Normal
45.01,27.45,Normal
45.04,27.44,Normal
45.04,27.43,Normal
44.98,27.43,Normal
44.98,27.41,Normal
44.98,27.41,Normal
44.91,27.41,Normal
44.91,27.41,Normal
44.81,27.39,Normal
44.85,27.39,Normal
44.78,27.37,Normal
44.71,27.37,Normal
44.68,27.37,Normal
44.68,27.36,Normal
44.65,27.36,Normal
44.71,27.34,Normal
44.78,27.34,Normal
44.78,27.33,Normal
44.81,27.33,Normal
44.85,27.32,Normal
44.78,27.31,Normal
44.75,27.31,Normal
44.65,27.32,Normal
44.61,27.32,Normal
44.52,27.31,Normal
44.58,27.3,Normal
44.61,27.3,Normal
44.58,27.29,Normal
44.58,27.29,Normal
44.58,27.28,Normal
44.61,27.27,Normal
44.58,27.26,Normal
44.58,27.26,Normal
44.45,27.23,Normal
44.38,27.21,Normal
44.48,27.21,Normal
44.58,27.2,Normal
44.58,27.19,Normal
44.61,27.2,Normal
44.58,27.19,Normal
44.55,27.18,Normal
44.52,27.18,Normal
44.48,27.17,Normal
44.52,27.17,Normal
44.52,27.15,Normal
44.58,27.16,Normal
44.58,27.15,Normal
44.52,27.15,Normal
44.52,27.13,Normal
44.52,27.13,Normal
44.45,27.12,Normal
44.38,27.09,Normal
44.38,27.08,Normal
44.42,27.07,Normal
44.48,27.07,Normal
44.45,27.07,Normal
44.45,27.06,Normal
44.45,27.03,Normal
44.45,27,Normal
44.45,26.97,Normal
44.52,27,Normal
44.52,27.02,Normal
44.55,27,Normal
44.55,27.01,Normal
44.52,27,Normal
44.48,27,Normal
44.52,26.99,Normal
44.52,26.99,Normal
44.48,26.99,Normal
44.48,26.98,Normal
44.48,26.97,Normal
44.45,26.96,Normal
44.38,26.94,Normal
44.42,26.93,Normal
44.45,26.94,Normal
44.52,26.92,Normal
44.52,26.94,Normal
44.52,26.93,Normal
44.45,26.91,Normal
44.52,26.91,Normal
44.52,26.9,Normal
44.48,26.87,Normal
44.45,26.87,Normal
44.48,26.86,Normal
44.42,26.86,Normal
44.48,26.86,Normal
44.52,26.87,Normal
44.48,26.86,Normal
44.45,26.87,Normal
44.45,26.87,Normal
44.48,26.87,Normal
44.45,26.88,Normal
44.45,26.87,Normal
44.42,26.89,Normal
44.38,26.88,Normal
44.32,26.85,Normal
44.35,26.85,Normal
44.38,26.84,Normal
44.38,26.84,Normal
44.35,26.84,Normal
44.35,26.83,Normal
44.35,26.84,Normal
44.35,26.83,Normal
44.32,26.81,Normal
44.32,26.8,Normal
44.32,26.8,Normal
44.38,26.82,Normal
44.42,26.8,Normal
44.42,26.79,Normal
44.38,26.79,Normal
44.42,26.79,Normal
44.42,26.78,Normal
44.42,26.79,Normal
44.38,26.81,Normal
44.32,26.79,Normal
44.32,26.78,Normal
44.32,26.77,Normal
44.32,26.78,Normal
44.32,26.76,Normal
44.35,26.75,Normal
44.38,26.75,Normal
44.38,26.74,Normal
44.35,26.74,Normal
44.35,26.73,Normal
44.32,26.72,Normal
44.32,26.73,Normal
44.32,26.73,Normal
44.32,26.74,Normal
44.32,26.74,Normal
44.32,26.75,Normal
44.32,26.75,Normal
44.32,26.74,Normal
44.32,26.75,Normal
44.35,26.73,Normal
44.45,26.71,Normal
44.45,26.73,Normal
44.38,26.73,Normal
44.52,26.72,Normal
44.48,26.73,Normal
44.48,26.74,Normal
44.58,26.72,Normal
44.58,26.72,Normal
44.68,26.74,Normal
44.75,26.75,Normal
44.65,26.75,Normal
44.58,26.74,Normal
44.58,26.74,Normal
44.61,26.73,Normal
44.65,26.75,Normal
44.58,26.75,Normal
44.65,26.75,Normal
44.61,26.76,Normal
44.58,26.77,Normal
44.61,26.77,Normal
44.58,26.79,Normal
44.61,26.78,Normal
44.65,26.79,Normal
44.65,26.78,Normal
44.65,26.81,Normal
44.65,26.81,Normal
44.61,26.82,Normal
44.65,26.83,Normal
44.61,26.83,Normal
44.61,26.85,Normal
44.58,26.85,Normal
44.58,26.87,Normal
44.58,26.88,Normal
44.58,26.89,Normal
44.58,26.9,Normal
44.61,26.91,Normal
44.61,26.93,Normal
44.58,26.93,Normal
44.58,26.93,Normal
44.58,26.94,Normal
44.52,26.94,Normal
44.45,26.96,Normal
44.32,26.96,Normal
44.32,26.98,Normal
44.35,26.98,Normal
44.35,26.99,Normal
44.35,27.01,Normal
44.25,27.02,Normal
44.18,27.03,Normal
44.18,27.03,Normal
44.15,27.03,Normal
44.18,27.03,Normal
44.18,27.03,Normal
44.18,27.04,Normal
44.22,27.05,Normal
44.22,27.07,Normal
44.25,27.05,Normal
44.38,27.03,Normal
44.45,27.02,Normal
44.42,27.03,Normal
44.52,27.03,Normal
44.71,27.02,Normal
44.88,27.02,Normal
44.75,27.03,Normal
44.58,27.02,Normal
44.58,27.03,Normal
44.58,27.05,Normal
44.55,27.05,Normal
44.52,27.04,Normal
44.52,27.04,Normal
44.55,27.04,Normal
44.65,27.04,Normal
44.65,27.04,Normal
44.65,27.04,Normal
44.65,27.05,Normal
44.68,27.04,Normal
44.58,27.03,Normal
44.58,27.02,Normal
44.65,27.03,Normal
44.58,27.02,Normal
44.65,27.02,Normal
44.65,27.01,Normal
44.55,27,Normal
44.65,27,Normal
44.71,27,Normal
44.58,27,Normal
44.65,26.99,Normal
44.71,26.99,Normal
44.71,26.97,Normal
44.71,26.97,Normal
44.55,26.96,Normal
44.52,26.95,Normal
44.58,26.95,Normal
44.65,26.94,Normal
44.68,26.93,Normal
44.71,26.93,Normal
44.71,26.92,Normal
44.71,26.91,Normal
44.71,26.91,Normal
44.78,26.9,Normal
44.78,26.9,Normal
44.71,26.89,Normal
44.71,26.88,Normal
44.75,26.87,Normal
44.75,26.85,Normal
44.75,26.87,Normal
44.65,26.86,Normal
44.65,26.85,Normal
44.65,26.85,Normal
44.65,26.83,Normal
44.65,26.82,Normal
44.68,26.83,Normal
44.71,26.82,Normal
44.65,26.83,Normal
44.65,26.82,Normal
44.65,26.83,Normal
44.58,26.82,Normal
44.52,26.82,Normal
44.52,26.81,Normal
44.55,26.8,Normal
44.58,26.79,Normal
44.58,26.8,Normal
44.55,26.78,Normal
44.58,26.79,Normal
44.58,26.75,Normal
44.58,26.74,Normal
44.55,26.73,Normal
44.58,26.74,Normal
44.61,26.74,Normal
44.61,26.74,Normal
44.58,26.74,Normal
44.58,26.73,Normal
44.61,26.72,Normal
44.61,26.71,Normal
44.65,26.71,Normal
44.58,26.7,Normal
44.48,26.68,Normal
44.52,26.66,Normal
44.55,26.66,Normal
44.58,26.65,Normal
44.61,26.66,Normal
44.61,26.67,Normal
44.61,26.68,Normal
44.58,26.66,Normal
44.55,26.66,Normal
44.55,26.66,Normal
44.45,26.64,Normal
44.48,26.63,Normal
44.45,26.62,Normal
44.48,26.63,Normal
44.45,26.61,Normal
44.52,26.58,Normal
44.55,26.57,Normal
44.58,26.59,Normal
44.58,26.58,Normal
44.55,26.58,Normal
44.55,26.6,Normal
44.58,26.57,Normal
44.58,26.57,Normal
44.61,26.55,Normal
44.58,26.57,Normal
44.52,26.55,Normal
44.55,26.56,Normal
44.52,26.56,Normal
44.55,26.56,Normal
44.55,26.55,Normal
44.52,26.55,Normal
44.55,26.55,Normal
44.55,26.54,Normal
44.55,26.54,Normal
44.52,26.55,Normal
44.52,26.54,Normal
44.48,26.54,Normal
44.48,26.53,Normal
44.38,26.5,Normal
44.45,26.49,Normal
44.45,26.49,Normal
44.48,26.51,Normal
44.52,26.51,Normal
44.48,26.52,Normal
44.48,26.51,Normal
44.45,26.51,Normal
44.45,26.51,Normal
44.48,26.5,Normal
44.48,26.51,Normal
44.52,26.49,Normal
44.52,26.49,Normal
44.58,26.48,Normal
44.68,26.5,Normal
44.65,26.49,Normal
44.65,26.5,Normal
44.65,26.51,Normal
44.85,26.51,Normal
44.98,26.52,Normal
44.98,26.53,Normal
44.88,26.52,Normal
44.78,26.53,Normal
44.75,26.5,Normal
44.78,26.51,Normal
44.78,26.5,Normal
44.85,26.51,Normal
44.85,26.5,Normal
44.85,26.51,Normal
44.78,26.51,Normal
44.75,26.52,Normal
44.71,26.53,Normal
44.71,26.55,Normal
44.68,26.54,Normal
44.65,26.55,Normal
44.65,26.57,Normal
44.65,26.57,Normal
44.68,26.59,Normal
44.68,26.59,Normal
44.65,26.6,Normal
44.58,26.61,Normal
44.65,26.62,Normal
44.65,26.63,Normal
44.65,26.64,Normal
44.68,26.66,Normal
44.68,26.65,Normal
44.68,26.67,Normal
44.65,26.67,Normal
44.61,26.68,Normal
44.61,26.69,Normal
44.58,26.7,Normal
44.55,26.7,Normal
44.52,26.71,Normal
44.48,26.71,Normal
44.52,26.71,Normal
44.45,26.72,Normal
44.45,26.73,Normal
44.45,26.74,Normal
44.42,26.75,Normal
44.38,26.77,Normal
44.38,26.79,Normal
44.38,26.79,Normal
44.38,26.79,Normal
44.38,26.79,Normal
44.38,26.8,Normal
44.38,26.81,Normal
44.35,26.81,Normal
44.32,26.81,Normal
44.32,26.81,Normal
44.32,26.81,Normal
44.38,26.83,Normal
44.38,26.83,Normal
44.38,26.83,Normal
44.38,26.84,Normal
44.38,26.85,Normal
44.38,26.86,Normal
44.38,26.86,Normal
44.38,26.87,Normal
44.38,26.88,Normal
44.35,26.87,Normal
44.32,26.88,Normal
44.32,26.89,Normal
44.32,26.88,Normal
44.28,26.88,Normal
44.25,26.89,Normal
44.25,26.91,Normal
44.25,26.91,Normal
44.28,26.89,Normal
44.28,26.9,Normal
44.28,26.9,Normal
44.32,26.91,Normal
44.32,26.91,Normal
44.32,26.9,Normal
44.32,26.91,Normal
44.32,26.93,Normal
44.35,26.93,Normal
44.35,26.92,Normal
44.38,26.93,Normal
44.35,26.94,Normal
44.38,26.95,Normal
44.38,26.94,Normal
44.38,26.95,Normal
44.38,26.95,Normal
44.38,26.95,Normal
44.38,26.96,Normal
44.38,26.97,Normal
44.45,26.96,Normal
44.45,26.98,Normal
44.45,26.96,Normal
44.48,26.96,Normal
44.52,26.97,Normal
44.52,26.97,Normal
44.52,26.98,Normal
44.52,26.97,Normal
44.52,26.97,Normal
44.52,26.97,Normal
44.48,26.98,Normal
44.48,26.99,Normal
44.48,26.98,Normal
44.48,27,Normal
44.45,27,Normal
44.45,27,Normal
44.42,27.02,Normal
44.38,27.01,Normal
44.32,27.01,Normal
44.32,27.01,Normal
44.32,27.01,Normal
44.32,27.02,Normal
44.32,27.03,Normal
44.32,27.02,Normal
44.32,27.02,Normal
44.32,27.04,Normal
44.32,27.04,Normal
44.35,27.04,Normal
44.32,27.03,Normal
44.35,27.04,Normal
44.35,27.05,Normal
44.35,27.06,Normal
44.32,27.05,Normal
44.35,27.06,Normal
44.38,27.06,Normal
44.38,27.06,Normal
44.35,27.06,Normal
44.35,27.06,Normal
44.32,27.07,Normal
44.35,27.07,Normal
44.35,27.07,Normal
44.35,27.07,Normal
44.35,27.07,Normal
44.35,27.09,Normal
44.38,27.07,Normal
44.38,27.08,Normal
44.38,27.07,Normal
44.38,27.09,Normal
44.38,27.09,Normal
44.38,27.09,Normal
44.38,27.09,Normal
44.38,27.09,Normal
44.42,27.1,Normal
44.45,27.12,Normal
44.45,27.11,Normal
44.52,27.1,Normal
44.55,27.11,Normal
44.55,27.11,Normal
44.58,27.12,Normal
44.55,27.12,Normal
44.55,27.12,Normal
44.58,27.12,Normal
44.55,27.11,Normal
44.55,27.11,Normal
44.52,27.12,Normal
44.52,27.11,Normal
44.55,27.11,Normal
44.52,27.11,Normal
44.55,27.11,Normal
44.52,27.1,Normal
44.52,27.1,Normal
44.52,27.11,Normal
44.52,27.11,Normal
44.52,27.1,Normal
44.52,27.11,Normal
44.48,27.11,Normal
44.52,27.12,Normal
44.52,27.11,Normal
44.45,27.11,Normal
44.48,27.1,Normal
44.48,27.11,Normal
44.48,27.1,Normal
44.52,27.11,Normal
44.52,27.1,Normal
44.52,27.11,Normal
44.52,27.11,Normal
44.52,27.11,Normal
44.52,27.11,Normal
44.55,27.1,Normal
44.58,27.12,Normal
44.58,27.12,Normal
44.58,27.11,Normal
44.61,27.11,Normal
44.65,27.12,Normal
44.65,27.12,Normal
44.65,27.12,Normal
44.65,27.11,Normal
44.65,27.12,Normal
44.65,27.12,Normal
44.65,27.12,Normal
44.65,27.13,Normal
44.65,27.12,Normal
44.61,27.11,Normal
44.65,27.12,Normal
44.65,27.11,Normal
44.65,27.13,Normal
44.65,27.13,Normal
44.65,27.11,Normal
44.65,27.12,Normal
44.61,27.11,Normal
44.61,27.13,Normal
44.65,27.12,Normal
44.61,27.13,Normal
44.61,27.13,Normal
44.58,27.13,Normal
44.61,27.13,Normal
44.61,27.14,Normal
44.61,27.15,Normal
44.58,27.15,Normal
44.58,27.14,Normal
44.58,27.15,Normal
44.61,27.15,Normal
44.58,27.14,Normal
44.58,27.14,Normal
44.58,27.15,Normal
44.58,27.15,Normal
44.58,27.14,Normal
44.58,27.14,Normal
44.58,27.14,Normal
44.58,27.15,Normal
44.58,27.15,Normal
44.58,27.15,Normal
44.55,27.14,Normal
44.55,27.14,Normal
44.55,27.15,Normal
44.58,27.16,Normal
44.55,27.16,Normal
44.58,27.16,Normal
44.55,27.16,Normal
44.58,27.16,Normal
44.58,27.17,Normal
44.58,27.16,Normal
44.58,27.15,Normal
44.61,27.15,Normal
44.58,27.15,Normal
44.61,27.15,Normal
44.58,27.16,Normal
44.58,27.16,Normal
44.58,27.16,Normal
44.58,27.16,Normal
44.58,27.17,Normal
44.55,27.15,Normal
44.55,27.16,Normal
44.55,27.17,Normal
44.55,27.17,Normal
44.55,27.17,Normal
44.55,27.17,Normal
44.58,27.16,Normal
44.58,27.17,Normal
44.61,27.16,Normal
44.61,27.17,Normal
44.65,27.16,Normal
44.61,27.17,Normal
44.61,27.16,Normal
44.65,27.17,Normal
44.61,27.17,Normal
44.65,27.16,Normal
44.65,27.17,Normal
44.61,27.17,Normal
44.58,27.17,Normal
44.58,27.16,Normal
44.58,27.17,Normal
44.58,27.17,Normal
44.58,27.18,Normal
44.61,27.18,Normal
44.61,27.18,Normal
44.58,27.18,Normal
44.61,27.17,Normal
44.65,27.17,Normal
44.65,27.18,Normal
44.61,27.17,Normal
44.65,27.18,Normal
44.65,27.18,Normal
44.65,27.18,Normal
44.65,27.18,Normal
44.65,27.18,Normal
44.65,27.19,Normal
44.65,27.18,Normal
44.65,27.19,Normal
44.65,27.18,Normal
44.65,27.19,Normal
44.65,27.18,Normal
44.65,27.19,Normal
44.61,27.2,Normal
44.65,27.2,Normal
44.65,27.18,Normal
44.65,27.19,Normal
44.65,27.19,Normal
44.65,27.2,Normal
44.65,27.19,Normal
44.68,27.2,Normal
44.65,27.19,Normal
44.65,27.2,Normal
44.68,27.19,Normal
44.68,27.19,Normal
44.68,27.19,Normal
44.65,27.19,Normal
44.65,27.2,Normal
44.65,27.19,Normal
44.65,27.18,Normal
44.65,27.21,Normal
44.65,27.2,Normal
44.68,27.19,Normal
44.65,27.19,Normal
44.68,27.2,Normal
44.68,27.21,Normal
44.65,27.2,Normal
44.65,27.21,Normal
44.68,27.21,Normal
44.68,27.21,Normal
44.68,27.21,Normal
44.65,27.2,Normal
44.65,27.21,Normal
44.65,27.2,Normal
44.65,27.19,Normal
44.65,27.2,Normal
44.65,27.21,Normal
44.65,27.2,Normal
44.68,27.21,Normal
44.65,27.21,Normal
44.68,27.22,Normal
44.68,27.21,Normal
44.68,27.22,Normal
44.65,27.23,Normal
44.61,27.21,Normal
44.55,27.23,Normal
44.52,27.22,Normal
44.55,27.23,Normal
44.52,27.24,Normal
44.61,27.22,Normal
44.68,27.21,Normal
44.75,27.21,Normal
44.75,27.22,Normal
44.78,27.21,Normal
44.78,27.22,Normal
44.78,27.2,Normal
44.85,27.21,Normal
44.85,27.19,Normal
44.85,27.2,Normal
44.88,27.22,Normal
44.85,27.23,Normal
44.95,27.24,Normal
45.04,27.24,Normal
45.04,27.26,Normal
45.04,27.25,Normal
45.01,27.25,Normal
45.01,27.27,Normal
44.98,27.26,Normal
44.95,27.27,Normal
44.95,27.27,Normal
44.98,27.27,Normal
44.95,27.26,Normal
44.98,27.26,Normal
44.98,27.25,Normal
44.98,27.26,Normal
44.98,27.25,Normal
44.98,27.26,Normal
45.01,27.25,Normal
45.01,27.25,Normal
44.98,27.26,Normal
44.91,27.26,Normal
44.91,27.27,Normal
44.81,27.27,Normal
44.78,27.27,Normal
44.75,27.26,Normal
44.85,27.26,Normal
44.98,27.27,Normal
45.01,27.27,Normal
45.04,27.27,Normal
45.08,27.29,Normal
45.08,27.29,Normal
45.08,27.29,Normal
45.08,27.28,Normal
45.08,27.27,Normal
45.04,27.29,Normal
45.04,27.28,Normal
45.04,27.28,Normal
45.08,27.29,Normal
45.11,27.28,Normal
45.11,27.29,Normal
45.08,27.28,Normal
45.08,27.31,Normal
45.08,27.29,Normal
45.04,27.29,Normal
45.08,27.29,Normal
45.11,27.29,Normal
45.24,27.3,Normal
45.31,27.31,Normal
45.31,27.31,Normal
45.31,27.3,Normal
45.28,27.3,Normal
45.28,27.3,Normal
45.31,27.3,Normal
45.34,27.3,Normal
45.34,27.29,Normal
45.37,27.29,Normal
45.37,27.3,Normal
45.34,27.29,Normal
45.37,27.29,Normal
45.41,27.29,Normal
45.44,27.31,Normal
45.44,27.31,Normal
45.44,27.31,Normal
45.41,27.31,Normal
45.37,27.31,Normal
45.31,27.3,Normal
45.31,27.31,Normal
45.28,27.32,Normal
45.28,27.31,Normal
45.28,27.31,Normal
45.28,27.32,Normal
45.28,27.31,Normal
45.31,27.31,Normal
45.28,27.31,Normal
45.31,27.31,Normal
45.31,27.31,Normal
45.28,27.31,Normal
45.31,27.31,Normal
45.31,27.31,Normal
45.31,27.32,Normal
45.31,27.32,Normal
45.31,27.31,Normal
45.28,27.32,Normal
45.28,27.32,Normal
45.28,27.32,Normal
45.31,27.31,Normal
45.28,27.33,Normal
45.28,27.33,Normal
45.28,27.33,Normal
45.24,27.33,Normal
45.24,27.33,Normal
45.24,27.33,Normal
45.24,27.32,Normal
45.28,27.32,Normal
45.31,27.31,Normal
45.34,27.32,Normal
45.37,27.31,Normal
45.37,27.32,Normal
45.41,27.32,Normal
45.37,27.32,Normal
45.37,27.32,Normal
45.37,27.33,Normal
45.37,27.33,Normal
45.34,27.34,Normal
45.31,27.33,Normal
45.31,27.33,Normal
45.34,27.34,Normal
45.31,27.33,Normal
45.34,27.33,Normal
45.31,27.33,Normal
45.34,27.34,Normal
45.31,27.33,Normal
45.34,27.32,Normal
45.31,27.32,Normal
45.34,27.33,Normal
45.34,27.33,Normal
45.34,27.33,Normal
45.34,27.33,Normal
45.37,27.32,Normal
45.37,27.33,Normal
45.37,27.33,Normal
45.37,27.33,Normal
45.37,27.34,Normal
45.34,27.34,Normal
45.37,27.33,Normal
45.34,27.34,Normal
45.34,27.34,Normal
45.34,27.35,Normal
45.34,27.35,Normal
45.34,27.34,Normal
45.31,27.34,Normal
45.37,27.35,Normal
45.34,27.35,Normal
45.31,27.34,Normal
45.34,27.34,Normal
45.37,27.34,Normal
45.37,27.35,Normal
45.37,27.35,Normal
45.34,27.35,Normal
45.37,27.33,Normal
45.34,27.34,Normal
45.34,27.35,Normal
45.34,27.35,Normal
45.34,27.35,Normal
45.34,27.35,Normal
45.34,27.36,Normal
45.34,27.35,Normal
45.37,27.35,Normal
45.37,27.35,Normal
45.37,27.35,Normal
45.41,27.35,Normal
45.44,27.35,Normal
45.41,27.34,Normal
45.44,27.35,Normal
45.37,27.35,Normal
45.37,27.35,Normal
45.37,27.36,Normal
45.31,27.35,Normal
45.31,27.36,Normal
45.31,27.36,Normal
45.31,27.36,Normal
45.34,27.37,Normal
45.34,27.36,Normal
45.34,27.35,Normal
45.34,27.37,Normal
45.37,27.37,Normal
45.34,27.37,Normal
45.31,27.37,Normal
45.31,27.37,Normal
45.34,27.37,Normal
45.34,27.36,Normal
45.37,27.37,Normal
45.34,27.37,Normal
45.37,27.38,Normal
45.37,27.36,Normal
45.37,27.37,Normal
45.37,27.36,Normal
45.41,27.37,Normal
45.41,27.37,Normal
45.41,27.37,Normal
45.37,27.36,Normal
45.37,27.38,Normal
45.37,27.37,Normal
45.37,27.37,Normal
45.37,27.37,Normal
45.37,27.37,Normal
45.37,27.38,Normal
45.37,27.37,Normal
45.37,27.37,Normal
45.37,27.38,Normal
45.37,27.39,Normal
45.34,27.39,Normal
45.37,27.39,Normal
45.37,27.37,Normal
45.41,27.38,Normal
45.41,27.37,Normal
45.41,27.38,Normal
45.44,27.37,Normal
45.44,27.38,Normal
45.41,27.38,Normal
45.44,27.38,Normal
45.41,27.38,Normal
45.44,27.39,Normal
45.44,27.37,Normal
45.37,27.38,Normal
45.37,27.38,Normal
45.37,27.38,Normal
45.37,27.39,Normal
45.37,27.39,Normal
45.44,27.38,Normal
45.44,27.39,Normal
45.44,27.39,Normal
45.44,27.38,Normal
45.44,27.4,Normal
45.44,27.38,Normal
45.44,27.39,Normal
45.44,27.37,Normal
45.44,27.37,Normal
45.44,27.38,Normal
45.41,27.38,Normal
45.44,27.38,Normal
45.44,27.39,Normal
45.44,27.38,Normal
45.44,27.39,Normal
45.44,27.38,Normal
45.47,27.4,Normal
45.44,27.4,Normal
45.44,27.39,Normal
45.47,27.4,Normal
45.47,27.39,Normal
45.51,27.39,Normal
45.51,27.39,Normal
45.51,27.39,Normal
45.47,27.4,Normal
45.51,27.39,Normal
45.47,27.38,Normal
45.47,27.39,Normal
45.51,27.39,Normal
45.51,27.38,Normal
45.51,27.4,Normal
45.51,27.4,Normal
45.51,27.41,Normal
45.51,27.4,Normal
45.51,27.4,Normal
45.51,27.4,Normal
45.54,27.41,Normal
45.51,27.41,Normal
45.51,27.41,Normal
45.54,27.4,Normal
45.51,27.39,Normal
45.54,27.4,Normal
45.51,27.39,Normal
45.54,27.4,Normal
45.57,27.4,Normal
45.54,27.4,Normal
45.57,27.4,Normal
45.54,27.39,Normal
45.57,27.39,Normal
45.57,27.39,Normal
45.54,27.39,Normal
45.57,27.41,Normal
45.57,27.4,Normal
45.57,27.39,Normal
45.57,27.4,Normal
45.57,27.42,Normal
45.57,27.41,Normal
45.57,27.41,Normal
45.57,27.41,Normal
45.57,27.41,Normal
45.57,27.41,Normal
45.57,27.41,Normal
45.57,27.41,Normal
45.57,27.41,Normal
45.57,27.4,Normal
45.57,27.41,Normal
45.6,27.41,Normal
45.6,27.41,Normal
45.57,27.42,Normal
45.57,27.4,Normal
45.57,27.41,Normal
45.6,27.41,Normal
45.6,27.42,Normal
45.57,27.43,Normal
45.57,27.41,Normal
45.57,27.43,Normal
45.57,27.43,Normal
45.57,27.43,Normal
45.57,27.43,Normal
45.57,27.43,Normal
45.57,27.42,Normal
45.57,27.43,Normal
45.57,27.43,Normal
45.6,27.42,Normal
45.57,27.42,Normal
45.6,27.43,Normal
45.6,27.43,Normal
45.6,27.42,Normal
45.6,27.42,Normal
45.6,27.43,Normal
45.6,27.42,Normal
45.64,27.43,Normal
45.64,27.43,Normal
45.64,27.44,Normal
45.64,27.44,Normal
45.64,27.44,Normal
45.6,27.44,Normal
45.6,27.43,Normal
45.6,27.43,Normal
45.6,27.44,Normal
45.6,27.44,Normal
45.6,27.44,Normal
45.64,27.42,Normal
45.64,27.43,Normal
45.64,27.43,Normal
45.67,27.43,Normal
45.67,27.43,Normal
45.64,27.43,Normal
45.7,27.43,Normal
45.67,27.42,Normal
45.67,27.43,Normal
45.64,27.44,Normal
45.64,27.44,Normal
45.64,27.44,Normal
45.64,27.44,Normal
45.64,27.45,Normal
45.64,27.46,Normal
45.64,27.45,Normal
45.64,27.46,Normal
45.64,27.45,Normal
45.64,27.45,Normal
45.64,27.45,Normal
45.67,27.45,Normal
45.67,27.47,Normal
45.67,27.45,Normal
45.67,27.44,Normal
45.67,27.45,Normal
45.67,27.45,Normal
45.67,27.45,Normal
45.7,27.43,Normal
45.7,27.45,Normal
45.7,27.44,Normal
45.67,27.46,Normal
45.7,27.45,Normal
45.7,27.47,Normal
45.7,27.46,Normal
45.67,27.46,Normal
45.7,27.46,Normal
45.7,27.46,Normal
45.67,27.46,Normal
45.67,27.46,Normal
45.7,27.47,Normal
45.7,27.45,Normal
45.7,27.46,Normal
45.7,27.46,Normal
45.7,27.45,Normal
45.7,27.44,Normal
45.7,27.45,Normal
45.7,27.45,Normal
45.7,27.46,Normal
45.7,27.47,Normal
45.67,27.47,Normal
45.7,27.46,Normal
45.7,27.47,Normal
45.67,27.46,Normal
45.64,27.48,Normal
45.67,27.47,Normal
45.67,27.48,Normal
45.67,27.47,Normal
45.67,27.47,Normal
45.67,27.47,Normal
45.64,27.47,Normal
45.67,27.46,Normal
45.67,27.46,Normal
45.67,27.48,Normal
45.67,27.48,Normal
45.7,27.45,Normal
45.7,27.48,Normal
45.7,27.48,Normal
45.7,27.48,Normal
45.7,27.47,Normal
45.7,27.47,Normal
45.7,27.49,Normal
45.67,27.48,Normal
45.7,27.47,Normal
45.67,27.49,Normal
45.67,27.47,Normal
45.7,27.48,Normal
45.67,27.49,Normal
45.67,27.48,Normal
45.67,27.49,Normal
45.67,27.48,Normal
45.67,27.48,Normal
45.67,27.48,Normal
45.67,27.48,Normal
45.67,27.48,Normal
45.7,27.48,Normal
45.7,27.48,Normal
45.7,27.48,Normal
45.7,27.47,Normal
45.7,27.48,Normal
45.7,27.49,Normal
45.7,27.49,Normal
45.7,27.48,Normal
45.7,27.49,Normal
45.7,27.5,Normal
45.7,27.49,Normal
45.7,27.49,Normal
45.7,27.5,Normal
45.7,27.5,Normal
45.7,27.5,Normal
45.7,27.51,Normal
45.7,27.49,Normal
45.7,27.49,Normal
45.7,27.49,Normal
45.7,27.49,Normal
45.7,27.49,Normal
45.7,27.5,Normal
45.7,27.5,Normal
45.7,27.49,Normal
45.74,27.5,Normal
45.74,27.5,Normal
45.74,27.51,Normal
45.74,27.52,Normal
45.74,27.5,Normal
45.7,27.52,Normal
45.7,27.51,Normal
45.7,27.52,Normal
45.7,27.51,Normal
45.7,27.51,Normal
45.7,27.51,Normal
45.7,27.51,Normal
45.7,27.5,Normal
45.7,27.5,Normal
45.7,27.51,Normal
45.7,27.51,Normal
45.7,27.5,Normal
45.7,27.51,Normal
45.7,27.51,Normal
45.7,27.5,Normal
45.7,27.51,Normal
45.7,27.51,Normal
45.74,27.51,Normal
45.74,27.52,Normal
45.74,27.52,Normal
45.74,27.51,Normal
45.77,27.52,Normal
45.77,27.51,Normal
45.74,27.51,Normal
45.74,27.51,Normal
45.74,27.52,Normal
45.74,27.52,Normal
45.74,27.52,Normal
45.74,27.52,Normal
45.74,27.51,Normal
45.74,27.52,Normal
45.77,27.51,Normal
45.77,27.51,Normal
45.77,27.52,Normal
45.77,27.51,Normal
45.8,27.52,Normal
45.77,27.52,Normal
45.77,27.51,Normal
45.77,27.52,Normal
45.77,27.53,Normal
45.77,27.52,Normal
45.77,27.52,Normal
45.77,27.51,Normal
45.77,27.52,Normal
45.8,27.52,Normal
45.8,27.51,Normal
45.77,27.52,Normal
45.77,27.52,Normal
45.8,27.51,Normal
45.8,27.51,Normal
45.84,27.52,Normal
45.84,27.51,Normal
45.84,27.51,Normal
45.84,27.52,Normal
45.84,27.53,Normal
45.84,27.52,Normal
45.84,27.52,Normal
45.84,27.53,Normal
45.84,27.52,Normal
45.84,27.53,Normal
45.84,27.53,Normal
45.84,27.53,Normal
45.84,27.51,Normal
45.87,27.51,Normal
45.87,27.5,Normal
45.9,27.48,Normal
45.93,27.48,Normal
45.97,27.46,Normal
46.03,27.47,Normal
46.1,27.48,Normal
46.16,27.47,Normal
46.2,27.46,Normal
46.16,27.46,Normal
46.23,27.46,Normal
46.23,27.45,Normal
46.13,27.45,Normal
46.13,27.43,Normal
46.23,27.43,Normal
46.03,27.43,Normal
45.9,27.41,Normal
45.84,27.42,Normal
46,27.41,Normal
46.03,27.41,Normal
46.1,27.4,Normal
45.93,27.4,Normal
45.9,27.39,Normal
45.9,27.38,Normal
45.97,27.36,Normal
46,27.35,Normal
46.03,27.33,Normal
45.8,27.31,Normal
45.74,27.31,Normal
45.8,27.3,Normal
45.74,27.3,Normal
45.93,27.3,Normal
45.97,27.29,Normal
46.03,27.27,Normal
45.93,27.25,Normal
45.93,27.26,Normal
46,27.25,Normal
45.97,27.25,Normal
45.93,27.27,Normal
45.87,27.24,Normal
45.84,27.23,Normal
45.87,27.23,Normal
45.84,27.23,Normal
45.84,27.22,Normal
45.8,27.21,Normal
45.7,27.2,Normal
45.64,27.19,Normal
45.64,27.18,Normal
45.8,27.19,Normal
45.54,27.17,Normal
45.34,27.14,Normal
45.34,27.13,Normal
45.6,27.14,Normal
45.7,27.13,Normal
45.74,27.12,Normal
45.7,27.14,Normal
45.7,27.12,Normal
45.67,27.11,Normal
45.67,27.12,Normal
45.57,27.11,Normal
45.57,27.1,Normal
45.64,27.1,Normal
45.7,27.09,Normal
45.67,27.09,Normal
45.64,27.08,Normal
45.6,27.07,Normal
45.57,27.05,Normal
45.51,27.04,Normal
45.44,27.04,Normal
45.51,27.03,Normal
45.47,27.03,Normal
45.57,27.03,Normal
45.57,27.02,Normal
45.44,27,Normal
45.54,27,Normal
45.54,27.01,Normal
45.41,27,Normal
45.37,26.98,Normal
45.37,26.98,Normal
45.51,26.98,Normal
45.57,26.97,Normal
45.54,26.97,Normal
45.44,26.98,Normal
45.44,26.95,Normal
45.37,26.97,Normal
45.44,26.97,Normal
45.47,26.94,Normal
45.44,26.94,Normal
45.44,26.94,Normal
45.37,26.92,Normal
45.37,26.91,Normal
45.37,26.91,Normal
45.34,26.91,Normal
45.31,26.9,Normal
45.37,26.91,Normal
45.37,26.91,Normal
45.18,26.9,Normal
45.24,26.89,Normal
45.37,26.89,Normal
45.31,26.89,Normal
45.24,26.88,Normal
45.01,26.88,Normal
44.91,26.87,Normal
44.91,26.86,Normal
44.71,26.86,Normal
44.78,26.85,Normal
44.78,26.86,Normal
44.98,26.85,Normal
44.98,26.85,Normal
45.11,26.85,Normal
45.18,26.85,Normal
45.14,26.84,Normal
45.21,26.84,Normal
45.24,26.84,Normal
45.24,26.82,Normal
45.14,26.82,Normal
45.04,26.82,Normal
45.11,26.83,Normal
45.18,26.83,Normal
45.21,26.81,Normal
45.11,26.81,Normal
45.11,26.8,Normal
45.11,26.79,Normal
44.95,26.79,Normal
44.88,26.78,Normal
45.01,26.77,Normal
45.11,26.76,Normal
45.18,26.78,Normal
44.91,26.77,Normal
44.71,26.76,Normal
44.81,26.75,Normal
44.88,26.75,Normal
44.95,26.74,Normal
44.71,26.73,Normal
44.61,26.74,Normal
44.58,26.73,Normal
44.68,26.73,Normal
44.81,26.71,Normal
44.88,26.72,Normal
44.95,26.72,Normal
44.91,26.71,Normal
44.91,26.7,Normal
44.91,26.7,Normal
44.95,26.7,Normal
44.95,26.69,Normal
44.98,26.71,Normal
44.95,26.69,Normal
44.91,26.69,Normal
44.81,26.68,Normal
44.85,26.68,Normal
44.98,26.67,Normal
44.91,26.67,Normal
44.78,26.66,Normal
44.88,26.65,Normal
44.88,26.66,Normal
44.91,26.65,Normal
44.95,26.65,Normal
45.01,26.65,Normal
45.64,26.65,Normal
46.07,26.63,Normal
45.93,26.64,Normal
45.8,26.63,Normal
45.77,26.63,Normal
45.7,26.63,Normal
45.67,26.65,Normal
45.54,26.65,Normal
45.44,26.66,Normal
45.37,26.67,Normal
45.34,26.67,Normal
45.34,26.68,Normal
45.34,26.68,Normal
45.34,26.68,Normal
45.34,26.69,Normal
45.37,26.7,Normal
45.34,26.71,Normal
45.34,26.72,Normal
45.34,26.73,Normal
45.37,26.75,Normal
45.34,26.75,Normal
45.34,26.76,Normal
45.28,26.77,Normal
45.28,26.79,Normal
45.24,26.79,Normal
45.18,26.8,Normal
45.18,26.8,Normal
45.18,26.82,Normal
45.18,26.81,Normal
45.21,26.81,Normal
45.24,26.82,Normal
45.24,26.82,Normal
45.28,26.83,Normal
45.28,26.84,Normal
45.31,26.85,Normal
45.31,26.86,Normal
45.24,26.87,Normal
45.21,26.89,Normal
45.18,26.9,Normal
45.18,26.9,Normal
45.18,26.91,Normal
45.24,26.92,Normal
45.34,26.93,Normal
45.37,26.93,Normal
45.37,26.94,Normal
45.31,26.95,Normal
45.31,26.95,Normal
45.21,26.95,Normal
45.14,26.94,Normal
45.18,26.96,Normal
45.11,26.97,Normal
45.11,26.96,Normal
45.11,26.97,Normal
45.11,26.98,Normal
45.08,26.99,Normal
45.04,26.99,Normal
45.04,26.99,Normal
45.01,27,Normal
44.98,27.01,Normal
44.98,27.03,Normal
44.98,27.03,Normal
45.01,27.03,Normal
45.01,27.04,Normal
45.01,27.05,Normal
45.01,27.06,Normal
45.01,27.07,Normal
45.01,27.07,Normal
45.01,27.07,Normal
45.01,27.07,Normal
45.01,27.06,Normal
45.01,27.08,Normal
44.98,27.07,Normal
44.98,27.07,Normal
44.95,27.09,Normal
44.91,27.09,Normal
44.91,27.09,Normal
44.91,27.1,Normal
44.91,27.1,Normal
44.91,27.12,Normal
44.91,27.12,Normal
44.85,27.11,Normal
44.85,27.12,Normal
44.85,27.13,Normal
44.85,27.12,Normal
44.85,27.13,Normal
44.88,27.12,Normal
44.88,27.12,Normal
44.88,27.13,Normal
44.88,27.14,Normal
44.91,27.14,Normal
44.91,27.13,Normal
44.91,27.13,Normal
44.95,27.13,Normal
44.98,27.13,Normal
44.98,27.13,Normal
44.98,27.14,Normal
44.98,27.15,Normal
44.98,27.15,Normal
44.95,27.15,Normal
44.95,27.15,Normal
44.98,27.16,Normal
44.98,27.16,Normal
44.98,27.18,Normal
44.98,27.16,Normal
44.98,27.17,Normal
44.98,27.18,Normal
45.01,27.17,Normal
45.04,27.17,Normal
45.04,27.17,Normal
45.04,27.18,Normal
45.04,27.17,Normal
45.11,27.18,Normal
45.14,27.18,Normal
45.18,27.17,Normal
45.18,27.18,Normal
45.18,27.19,Normal
45.18,27.18,Normal
45.18,27.19,Normal
45.18,27.19,Normal
45.14,27.19,Normal
45.14,27.19,Normal
45.18,27.19,Normal
45.18,27.21,Normal
45.18,27.21,Normal
45.21,27.2,Normal
45.21,27.21,Normal
45.24,27.19,Normal
45.24,27.19,Normal
45.24,27.19,Normal
45.28,27.2,Normal
45.24,27.21,Normal
45.21,27.2,Normal
45.24,27.2,Normal
45.24,27.21,Normal
45.24,27.21,Normal
45.24,27.21,Normal
45.24,27.21,Normal
45.24,27.22,Normal
45.24,27.22,Normal
45.24,27.22,Normal
45.21,27.22,Normal
45.21,27.22,Normal
45.21,27.22,Normal
45.21,27.22,Normal
45.24,27.23,Normal
45.24,27.21,Normal
45.24,27.22,Normal
45.24,27.22,Normal
45.24,27.21,Normal
45.21,27.21,Normal
45.21,27.21,Normal
45.21,27.22,Normal
45.24,27.21,Normal
45.21,27.22,Normal
45.21,27.22,Normal
45.21,27.23,Normal
45.18,27.23,Normal
45.21,27.23,Normal
45.24,27.23,Normal
45.24,27.25,Normal
45.24,27.24,Normal
45.24,27.23,Normal
45.24,27.23,Normal
45.24,27.24,Normal
45.24,27.23,Normal
45.31,27.24,Normal
45.28,27.24,Normal
45.28,27.24,Normal
45.31,27.25,Normal
45.31,27.23,Normal
45.31,27.25,Normal
45.34,27.25,Normal
45.31,27.24,Normal
45.34,27.25,Normal
45.37,27.25,Normal
45.37,27.25,Normal
45.34,27.26,Normal
45.34,27.25,Normal
45.34,27.25,Normal
45.34,27.25,Normal
45.34,27.26,Normal
45.34,27.27,Normal
45.34,27.27,Normal
45.37,27.26,Normal
45.37,27.26,Normal
45.37,27.27,Normal
45.37,27.26,Normal
45.37,27.26,Normal
45.37,27.27,Normal
45.37,27.26,Normal
45.37,27.25,Normal
45.37,27.25,Normal
45.37,27.27,Normal
45.37,27.26,Normal
45.37,27.26,Normal
45.37,27.25,Normal
45.37,27.27,Normal
45.37,27.27,Normal
45.37,27.28,Normal
45.37,27.27,Normal
45.37,27.28,Normal
45.37,27.28,Normal
45.37,27.28,Normal
45.37,27.29,Normal
45.41,27.29,Normal
45.41,27.29,Normal
45.41,27.29,Normal
45.41,27.28,Normal
45.41,27.27,Normal
45.41,27.27,Normal
45.41,27.29,Normal
45.44,27.29,Normal
45.44,27.29,Normal
45.44,27.29,Normal
45.44,27.28,Normal
45.44,27.27,Normal
45.47,27.29,Normal
45.51,27.29,Normal
45.47,27.3,Normal
45.47,27.28,Normal
45.51,27.29,Normal
45.47,27.29,Normal
45.47,27.29,Normal
45.47,27.29,Normal
45.47,27.28,Normal
45.51,27.29,Normal
45.47,27.28,Normal
45.47,27.28,Normal
45.47,27.27,Normal
45.51,27.28,Normal
45.51,27.28,Normal
45.51,27.28,Normal
45.51,27.29,Normal
45.51,27.29,Normal
45.51,27.29,Normal
45.51,27.29,Normal
45.51,27.29,Normal
45.51,27.3,Normal
45.51,27.3,Normal
45.51,27.3,Normal
45.51,27.3,Normal
45.51,27.3,Normal
45.51,27.31,Normal
45.51,27.31,Normal
45.51,27.29,Normal
45.51,27.31,Normal
45.54,27.31,Normal
45.51,27.31,Normal
45.51,27.3,Normal
45.51,27.3,Normal
45.54,27.31,Normal
45.54,27.3,Normal
45.54,27.31,Normal
45.57,27.31,Normal
45.57,27.3,Normal
45.57,27.31,Normal
